http://dl.acm.org/citation.cfm?id=100296&CFID=129340085&CFTOKEN=82758019&preflayout=flat,"ICSE '90"
http://dl.acm.org/citation.cfm?id=1006147&CFID=129340085&CFTOKEN=82758019&preflayout=flat,"SIGSOFT '83"
http://dl.acm.org/citation.cfm?id=1007512&CFID=129340085&CFTOKEN=82758019&preflayout=flat,"ISSTA '04"
http://dl.acm.org/citation.cfm?id=1013963&CFID=129340085&CFTOKEN=82758019&preflayout=flat,"PPDP '04"
http://dl.acm.org/citation.cfm?id=1014007&CFID=129340085&CFTOKEN=82758019&preflayout=flat,"PEPM '04"
http://dl.acm.org/citation.cfm?id=1016850&CFID=129340085&CFTOKEN=82758019&preflayout=flat,"ICFP '04"
http://dl.acm.org/citation.cfm?id=1017472&CFID=129340085&CFTOKEN=82758019&preflayout=flat,"Haskell '04"
http://dl.acm.org/citation.cfm?id=1022471&CFID=129340085&CFTOKEN=82758019&preflayout=flat,"ERLANG '04"
http://dl.acm.org/citation.cfm?id=1024393&CFID=129340085&CFTOKEN=82758019&preflayout=flat,"ASPLOS-XI"
http://dl.acm.org/citation.cfm?id=1028480&CFID=129340085&CFTOKEN=82758019&preflayout=flat,"DSM '04"
http://dl.acm.org/citation.cfm?id=1028664&CFID=129340085&CFTOKEN=82758019&preflayout=flat,"OOPSLA '04"
http://dl.acm.org/citation.cfm?id=1028976&CFID=129340085&CFTOKEN=82758019&preflayout=flat,"OOPSLA '04"
http://dl.acm.org/citation.cfm?id=1029873&CFID=129340085&CFTOKEN=82758019&preflayout=flat,"ISMM '04"
http://dl.acm.org/citation.cfm?id=1029894&CFID=129340085&CFTOKEN=82758019&preflayout=flat,"SIGSOFT '04/FSE-12"
http://dl.acm.org/citation.cfm?id=1032297&CFID=129340085&CFTOKEN=82758019&preflayout=flat,"SIGAda '04"
http://dl.acm.org/citation.cfm?id=1040030&CFID=129340085&CFTOKEN=82758019&preflayout=flat,"LUV '92"
http://dl.acm.org/citation.cfm?id=1040032&CFID=129340085&CFTOKEN=82758019&preflayout=flat,"LUV '93"
http://dl.acm.org/citation.cfm?id=1040294&CFID=129340085&CFTOKEN=82758019&preflayout=flat,"TLDI '05"
http://dl.acm.org/citation.cfm?id=1040305&CFID=129340085&CFTOKEN=82758019&preflayout=flat,"POPL '05"
http://dl.acm.org/citation.cfm?id=1045405&CFID=129340085&CFTOKEN=82758019&preflayout=flat,"WITS '05"
http://dl.acm.org/citation.cfm?id=1048922&CFID=129340085&CFTOKEN=82758019&preflayout=flat,"CGO '05"
http://dl.acm.org/citation.cfm?id=1052898&CFID=129340085&CFTOKEN=82758019&preflayout=flat,"AOSD '05"
http://dl.acm.org/citation.cfm?id=1056018&CFID=129340085&CFTOKEN=82758019&preflayout=flat,"SoftVis '05"
http://dl.acm.org/citation.cfm?id=1059579&CFID=129340085&CFTOKEN=82758019&preflayout=flat,"IVME '04"
http://dl.acm.org/citation.cfm?id=1062455&CFID=129340085&CFTOKEN=82758019&preflayout=flat,"ICSE '05"
http://dl.acm.org/citation.cfm?id=1064979&CFID=129340085&CFTOKEN=82758019&preflayout=flat,"VEE '05"
http://dl.acm.org/citation.cfm?id=1065010&CFID=129340085&CFTOKEN=82758019&preflayout=flat,"PLDI '05"
http://dl.acm.org/citation.cfm?id=1065895&CFID=129340085&CFTOKEN=82758019&preflayout=flat,"MSP '04"
http://dl.acm.org/citation.cfm?id=1065910&CFID=129340085&CFTOKEN=82758019&preflayout=flat,"LCTES '05"
http://dl.acm.org/citation.cfm?id=1065944&CFID=129340085&CFTOKEN=82758019&preflayout=flat,"PPoPP '05"
http://dl.acm.org/citation.cfm?id=1066129&CFID=129340085&CFTOKEN=82758019&preflayout=flat,"eclipse '04"
http://dl.acm.org/citation.cfm?id=1066677&CFID=129340085&CFTOKEN=82758019&preflayout=flat,"SAC '05"
http://dl.acm.org/citation.cfm?id=106972&CFID=129340085&CFTOKEN=82758019&preflayout=flat,"ASPLOS-IV"
http://dl.acm.org/citation.cfm?id=1069774&CFID=129340085&CFTOKEN=82758019&preflayout=flat,"PPDP '05"
http://dl.acm.org/citation.cfm?id=1083246&CFID=129340085&CFTOKEN=82758019&preflayout=flat,"WODA '05"
http://dl.acm.org/citation.cfm?id=1085099&CFID=129340085&CFTOKEN=82758019&preflayout=flat,"WCFLP '05"
http://dl.acm.org/citation.cfm?id=1085114&CFID=129340085&CFTOKEN=82758019&preflayout=flat,"FDPE '05"
http://dl.acm.org/citation.cfm?id=1085130&CFID=129340085&CFTOKEN=82758019&preflayout=flat,"AADEBUG'05"
http://dl.acm.org/citation.cfm?id=1086365&CFID=129340085&CFTOKEN=82758019&preflayout=flat,"ICFP '05"
http://dl.acm.org/citation.cfm?id=1088348&CFID=129340085&CFTOKEN=82758019&preflayout=flat,"Haskell '05"
http://dl.acm.org/citation.cfm?id=1088361&CFID=129340085&CFTOKEN=82758019&preflayout=flat,"ERLANG '05"
http://dl.acm.org/citation.cfm?id=1088454&CFID=129340085&CFTOKEN=82758019&preflayout=flat,"MERLIN '05"
http://dl.acm.org/citation.cfm?id=1094811&CFID=129340085&CFTOKEN=82758019&preflayout=flat,"OOPSLA '05"
http://dl.acm.org/citation.cfm?id=1094855&CFID=129340085&CFTOKEN=82758019&preflayout=flat,"OOPSLA '05"
http://dl.acm.org/citation.cfm?id=109625&CFID=129340085&CFTOKEN=82758019&preflayout=flat,"PPOPP '91"
http://dl.acm.org/citation.cfm?id=1101140&CFID=129340085&CFTOKEN=82758019&preflayout=flat,"DSM '05"
http://dl.acm.org/citation.cfm?id=1103846&CFID=129340085&CFTOKEN=82758019&preflayout=flat,"SigAda '05"
http://dl.acm.org/citation.cfm?id=1104973&CFID=129340085&CFTOKEN=82758019&preflayout=flat,"WikiSym '05"
http://dl.acm.org/citation.cfm?id=1108792&CFID=129340085&CFTOKEN=82758019&preflayout=flat,"PASTE '05"
http://dl.acm.org/citation.cfm?id=1111037&CFID=129340085&CFTOKEN=82758019&preflayout=flat,"POPL '06"
http://dl.acm.org/citation.cfm?id=1111542&CFID=129340085&CFTOKEN=82758019&preflayout=flat,"PEPM '06"
http://dl.acm.org/citation.cfm?id=1111583&CFID=129340085&CFTOKEN=82758019&preflayout=flat,"MSP '05"
http://dl.acm.org/citation.cfm?id=1117696&CFID=129340085&CFTOKEN=82758019&preflayout=flat,"eclipse '05"
http://dl.acm.org/citation.cfm?id=1119655&CFID=129340085&CFTOKEN=82758019&preflayout=flat,"AOSD '06"
http://dl.acm.org/citation.cfm?id=1121992&CFID=129340085&CFTOKEN=82758019&preflayout=flat,"CGO '06"
http://dl.acm.org/citation.cfm?id=1122971&CFID=129340085&CFTOKEN=82758019&preflayout=flat,"PPoPP '06"
http://dl.acm.org/citation.cfm?id=112629&CFID=129340085&CFTOKEN=82758019&preflayout=flat,"SETA1"
http://dl.acm.org/citation.cfm?id=1133956&CFID=129340085&CFTOKEN=82758019&preflayout=flat,"ISMM '06"
http://dl.acm.org/citation.cfm?id=1133981&CFID=129340085&CFTOKEN=82758019&preflayout=flat,"PLDI '06"
http://dl.acm.org/citation.cfm?id=1134285&CFID=129340085&CFTOKEN=82758019&preflayout=flat,"ICSE '06"
http://dl.acm.org/citation.cfm?id=113445&CFID=129340085&CFTOKEN=82758019&preflayout=flat,"PLDI '91"
http://dl.acm.org/citation.cfm?id=1134650&CFID=129340085&CFTOKEN=82758019&preflayout=flat,"LCTES '06"
http://dl.acm.org/citation.cfm?id=1134744&CFID=129340085&CFTOKEN=82758019&preflayout=flat,"PLAS '06"
http://dl.acm.org/citation.cfm?id=1134760&CFID=129340085&CFTOKEN=82758019&preflayout=flat,"VEE '06"
http://dl.acm.org/citation.cfm?id=1137639&CFID=129340085&CFTOKEN=82758019&preflayout=flat,"EA '06"
http://dl.acm.org/citation.cfm?id=1138912&CFID=129340085&CFTOKEN=82758019&preflayout=flat,"WODA '06"
http://dl.acm.org/citation.cfm?id=1140335&CFID=129340085&CFTOKEN=82758019&preflayout=flat,"PPDP '06"
http://dl.acm.org/citation.cfm?id=114054&CFID=129340085&CFTOKEN=82758019&preflayout=flat,"APL '91"
http://dl.acm.org/citation.cfm?id=1141277&CFID=129340085&CFTOKEN=82758019&preflayout=flat,"SAC '06"
http://dl.acm.org/citation.cfm?id=1146238&CFID=129340085&CFTOKEN=82758019&preflayout=flat,"ISSTA '06"
http://dl.acm.org/citation.cfm?id=1146841&CFID=129340085&CFTOKEN=82758019&preflayout=flat,"DLS '05"
http://dl.acm.org/citation.cfm?id=1147403&CFID=129340085&CFTOKEN=82758019&preflayout=flat,"PADTAD '06"
http://dl.acm.org/citation.cfm?id=1148493&CFID=129340085&CFTOKEN=82758019&preflayout=flat,"SoftVis '06"
http://dl.acm.org/citation.cfm?id=1149453&CFID=129340085&CFTOKEN=82758019&preflayout=flat,"WikiSym '06"
http://dl.acm.org/citation.cfm?id=115865&CFID=129340085&CFTOKEN=82758019&preflayout=flat,"PEPM '91"
http://dl.acm.org/citation.cfm?id=1159789&CFID=129340085&CFTOKEN=82758019&preflayout=flat,"ERLANG '06"
http://dl.acm.org/citation.cfm?id=1159803&CFID=129340085&CFTOKEN=82758019&preflayout=flat,"ICFP '06"
http://dl.acm.org/citation.cfm?id=1159842&CFID=129340085&CFTOKEN=82758019&preflayout=flat,"Haskell '06"
http://dl.acm.org/citation.cfm?id=1159861&CFID=129340085&CFTOKEN=82758019&preflayout=flat,"WGP '06"
http://dl.acm.org/citation.cfm?id=1159876&CFID=129340085&CFTOKEN=82758019&preflayout=flat,"ML '06"
http://dl.acm.org/citation.cfm?id=1167473&CFID=129340085&CFTOKEN=82758019&preflayout=flat,"OOPSLA '06"
http://dl.acm.org/citation.cfm?id=1168054&CFID=129340085&CFTOKEN=82758019&preflayout=flat,"PPPJ '06"
http://dl.acm.org/citation.cfm?id=1168857&CFID=129340085&CFTOKEN=82758019&preflayout=flat,"ASPLOS-XII"
http://dl.acm.org/citation.cfm?id=1173706&CFID=129340085&CFTOKEN=82758019&preflayout=flat,"GPCE '06"
http://dl.acm.org/citation.cfm?id=1176617&CFID=129340085&CFTOKEN=82758019&preflayout=flat,"OOPSLA '06"
http://dl.acm.org/citation.cfm?id=1178597&CFID=129340085&CFTOKEN=82758019&preflayout=flat,"MSPC '06"
http://dl.acm.org/citation.cfm?id=117954&CFID=129340085&CFTOKEN=82758019&preflayout=flat,"OOPSLA '91"
http://dl.acm.org/citation.cfm?id=1181775&CFID=129340085&CFTOKEN=82758019&preflayout=flat,"SIGSOFT '06/FSE-14"
http://dl.acm.org/citation.cfm?id=1185642&CFID=129340085&CFTOKEN=82758019&preflayout=flat,"SIGAda '06"
http://dl.acm.org/citation.cfm?id=1188835&CFID=129340085&CFTOKEN=82758019&preflayout=flat,"eclipse '06"
http://dl.acm.org/citation.cfm?id=1190216&CFID=129340085&CFTOKEN=82758019&preflayout=flat,"POPL '07"
http://dl.acm.org/citation.cfm?id=1190315&CFID=129340085&CFTOKEN=82758019&preflayout=flat,"TLDI '07"
http://dl.acm.org/citation.cfm?id=1218563&CFID=129340085&CFTOKEN=82758019&preflayout=flat,"AOSD '07"
http://dl.acm.org/citation.cfm?id=122759&CFID=129340085&CFTOKEN=82758019&preflayout=flat,"PADD '91"
http://dl.acm.org/citation.cfm?id=12276&CFID=129340085&CFTOKEN=82758019&preflayout=flat,"SIGPLAN '86"
http://dl.acm.org/citation.cfm?id=1229375&CFID=129340085&CFTOKEN=82758019&preflayout=flat,"AOM '07"
http://dl.acm.org/citation.cfm?id=1229428&CFID=129340085&CFTOKEN=82758019&preflayout=flat,"PPoPP '07"
http://dl.acm.org/citation.cfm?id=1230136&CFID=129340085&CFTOKEN=82758019&preflayout=flat,"VMIL '07"
http://dl.acm.org/citation.cfm?id=1233833&CFID=129340085&CFTOKEN=82758019&preflayout=flat,"FOAL '07"
http://dl.acm.org/citation.cfm?id=1233901&CFID=129340085&CFTOKEN=82758019&preflayout=flat,"ACP4IS '07"
http://dl.acm.org/citation.cfm?id=1238844&CFID=129340085&CFTOKEN=82758019&preflayout=flat,"HOPL III"
http://dl.acm.org/citation.cfm?id=1244002&CFID=129340085&CFTOKEN=82758019&preflayout=flat,"SAC '07"
http://dl.acm.org/citation.cfm?id=1244381&CFID=129340085&CFTOKEN=82758019&preflayout=flat,"PEPM '07"
http://dl.acm.org/citation.cfm?id=1248648&CFID=129340085&CFTOKEN=82758019&preflayout=flat,"DAMP '07"
http://dl.acm.org/citation.cfm?id=1248820&CFID=129340085&CFTOKEN=82758019&preflayout=flat,"ICSE '07"
http://dl.acm.org/citation.cfm?id=1248821&CFID=129340085&CFTOKEN=82758019&preflayout=flat,"ICSE COMPANION '07"
http://dl.acm.org/citation.cfm?id=1250734&CFID=129340085&CFTOKEN=82758019&preflayout=flat,"PLDI '07"
http://dl.acm.org/citation.cfm?id=125083&CFID=129340085&CFTOKEN=82758019&preflayout=flat,"SIGSOFT '91"
http://dl.acm.org/citation.cfm?id=1251535&CFID=129340085&CFTOKEN=82758019&preflayout=flat,"PASTE '07"
http://dl.acm.org/citation.cfm?id=1251974&CFID=129340085&CFTOKEN=82758019&preflayout=flat,"CGO '07"
http://dl.acm.org/citation.cfm?id=1254766&CFID=129340085&CFTOKEN=82758019&preflayout=flat,"LCTES '07"
http://dl.acm.org/citation.cfm?id=1254810&CFID=129340085&CFTOKEN=82758019&preflayout=flat,"VEE '07"
http://dl.acm.org/citation.cfm?id=1255329&CFID=129340085&CFTOKEN=82758019&preflayout=flat,"PLAS '07"
http://dl.acm.org/citation.cfm?id=1255400&CFID=129340085&CFTOKEN=82758019&preflayout=flat,"DSAL '07"
http://dl.acm.org/citation.cfm?id=126551&CFID=129340085&CFTOKEN=82758019&preflayout=flat,"TRI-Ada '91"
http://dl.acm.org/citation.cfm?id=1268980&CFID=129340085&CFTOKEN=82758019&preflayout=flat,"EARLYASPECTS '07"
http://dl.acm.org/citation.cfm?id=1270242&CFID=129340085&CFTOKEN=82758019&preflayout=flat,"WODA '07"
http://dl.acm.org/citation.cfm?id=127056&CFID=129340085&CFTOKEN=82758019&preflayout=flat,"OOPSLA/ECOOP '90"
http://dl.acm.org/citation.cfm?id=1273463&CFID=129340085&CFTOKEN=82758019&preflayout=flat,"ISSTA '07"
http://dl.acm.org/citation.cfm?id=1273647&CFID=129340085&CFTOKEN=82758019&preflayout=flat,"PADTAD '07"
http://dl.acm.org/citation.cfm?id=1273920&CFID=129340085&CFTOKEN=82758019&preflayout=flat,"PPDP '07"
http://dl.acm.org/citation.cfm?id=1289971&CFID=129340085&CFTOKEN=82758019&preflayout=flat,"GPCE '07"
http://dl.acm.org/citation.cfm?id=1291151&CFID=129340085&CFTOKEN=82758019&preflayout=flat,"ICFP '07"
http://dl.acm.org/citation.cfm?id=1291201&CFID=129340085&CFTOKEN=82758019&preflayout=flat,"Haskell '07"
http://dl.acm.org/citation.cfm?id=1292520&CFID=129340085&CFTOKEN=82758019&preflayout=flat,"ERLANG '07"
http://dl.acm.org/citation.cfm?id=1292535&CFID=129340085&CFTOKEN=82758019&preflayout=flat,"ML '07"
http://dl.acm.org/citation.cfm?id=1292597&CFID=129340085&CFTOKEN=82758019&preflayout=flat,"PLPV '07"
http://dl.acm.org/citation.cfm?id=1294325&CFID=129340085&CFTOKEN=82758019&preflayout=flat,"PPPJ '07"
http://dl.acm.org/citation.cfm?id=1296907&CFID=129340085&CFTOKEN=82758019&preflayout=flat,"ISMM '07"
http://dl.acm.org/citation.cfm?id=1296951&CFID=129340085&CFTOKEN=82758019&preflayout=flat,"WikiSym '07"
http://dl.acm.org/citation.cfm?id=1297027&CFID=129340085&CFTOKEN=82758019&preflayout=flat,"OOPSLA '07"
http://dl.acm.org/citation.cfm?id=1297081&CFID=129340085&CFTOKEN=82758019&preflayout=flat,"DLS '07"
http://dl.acm.org/citation.cfm?id=1297385&CFID=129340085&CFTOKEN=82758019&preflayout=flat,"CompFrame '07"
http://dl.acm.org/citation.cfm?id=1297846&CFID=129340085&CFTOKEN=82758019&preflayout=flat,"OOPSLA '07"
http://dl.acm.org/citation.cfm?id=130069&CFID=129340085&CFTOKEN=82758019&preflayout=flat,"SAC '92"
http://dl.acm.org/citation.cfm?id=1315580&CFID=129340085&CFTOKEN=82758019&preflayout=flat,"SIGAda '07"
http://dl.acm.org/citation.cfm?id=1328279&CFID=129340085&CFTOKEN=82758019&preflayout=flat,"eclipse '07"
http://dl.acm.org/citation.cfm?id=1328408&CFID=129340085&CFTOKEN=82758019&preflayout=flat,"PEPM '08"
http://dl.acm.org/citation.cfm?id=1328438&CFID=129340085&CFTOKEN=82758019&preflayout=flat,"POPL '08"
http://dl.acm.org/citation.cfm?id=1345206&CFID=129340085&CFTOKEN=82758019&preflayout=flat,"PPoPP '08"
http://dl.acm.org/citation.cfm?id=1346256&CFID=129340085&CFTOKEN=82758019&preflayout=flat,"VEE '08"
http://dl.acm.org/citation.cfm?id=1346281&CFID=129340085&CFTOKEN=82758019&preflayout=flat,"ASPLOS XIII"
http://dl.acm.org/citation.cfm?id=1353482&CFID=129340085&CFTOKEN=82758019&preflayout=flat,"AOSD '08"
http://dl.acm.org/citation.cfm?id=1353522&CFID=129340085&CFTOKEN=82758019&preflayout=flat,"MSPC '08"
http://dl.acm.org/citation.cfm?id=1356058&CFID=129340085&CFTOKEN=82758019&preflayout=flat,"CGO '08"
http://dl.acm.org/citation.cfm?id=1362702&CFID=129340085&CFTOKEN=82758019&preflayout=flat,"CUFP '07"
http://dl.acm.org/citation.cfm?id=1363686&CFID=129340085&CFTOKEN=82758019&preflayout=flat,"SAC '08"
http://dl.acm.org/citation.cfm?id=1368088&CFID=129340085&CFTOKEN=82758019&preflayout=flat,"ICSE '08"
http://dl.acm.org/citation.cfm?id=1370175&CFID=129340085&CFTOKEN=82758019&preflayout=flat,"ICSE Companion '08"
http://dl.acm.org/citation.cfm?id=1370828&CFID=129340085&CFTOKEN=82758019&preflayout=flat,"EA '08"
http://dl.acm.org/citation.cfm?id=1375581&CFID=129340085&CFTOKEN=82758019&preflayout=flat,"PLDI '08"
http://dl.acm.org/citation.cfm?id=1375634&CFID=129340085&CFTOKEN=82758019&preflayout=flat,"ISMM '08"
http://dl.acm.org/citation.cfm?id=1375657&CFID=129340085&CFTOKEN=82758019&preflayout=flat,"LCTES '08"
http://dl.acm.org/citation.cfm?id=1375696&CFID=129340085&CFTOKEN=82758019&preflayout=flat,"PLAS '08"
http://dl.acm.org/citation.cfm?id=1389449&CFID=129340085&CFTOKEN=82758019&preflayout=flat,"PPDP '08"
http://dl.acm.org/citation.cfm?id=1390630&CFID=129340085&CFTOKEN=82758019&preflayout=flat,"ISSTA '08"
http://dl.acm.org/citation.cfm?id=1390841&CFID=129340085&CFTOKEN=82758019&preflayout=flat,"PADTAD '08"
http://dl.acm.org/citation.cfm?id=1394496&CFID=129340085&CFTOKEN=82758019&preflayout=flat,"FOAL '08"
http://dl.acm.org/citation.cfm?id=1401827&CFID=129340085&CFTOKEN=82758019&preflayout=flat,"WODA '08"
http://dl.acm.org/citation.cfm?id=1404891&CFID=129340085&CFTOKEN=82758019&preflayout=flat,"ACP4IS '08"
http://dl.acm.org/citation.cfm?id=1404920&CFID=129340085&CFTOKEN=82758019&preflayout=flat,"AOM '08"
http://dl.acm.org/citation.cfm?id=1404927&CFID=129340085&CFTOKEN=82758019&preflayout=flat,"DSAL '08"
http://dl.acm.org/citation.cfm?id=1404946&CFID=129340085&CFTOKEN=82758019&preflayout=flat,"EA '08"
http://dl.acm.org/citation.cfm?id=1408681&CFID=129340085&CFTOKEN=82758019&preflayout=flat,"DLS '08"
http://dl.acm.org/citation.cfm?id=1409720&CFID=129340085&CFTOKEN=82758019&preflayout=flat,"SoftVis '08"
http://dl.acm.org/citation.cfm?id=1411204&CFID=129340085&CFTOKEN=82758019&preflayout=flat,"ICFP '08"
http://dl.acm.org/citation.cfm?id=1411260&CFID=129340085&CFTOKEN=82758019&preflayout=flat,"FDPE '08"
http://dl.acm.org/citation.cfm?id=1411273&CFID=129340085&CFTOKEN=82758019&preflayout=flat,"ERLANG '08"
http://dl.acm.org/citation.cfm?id=1411286&CFID=129340085&CFTOKEN=82758019&preflayout=flat,"Haskell '08"
http://dl.acm.org/citation.cfm?id=1411304&CFID=129340085&CFTOKEN=82758019&preflayout=flat,"ML '08"
http://dl.acm.org/citation.cfm?id=1411318&CFID=129340085&CFTOKEN=82758019&preflayout=flat,"WGP '08"
http://dl.acm.org/citation.cfm?id=1411732&CFID=129340085&CFTOKEN=82758019&preflayout=flat,"PPPJ '08"
http://dl.acm.org/citation.cfm?id=1413918&CFID=129340085&CFTOKEN=82758019&preflayout=flat,"AMDIT '08"
http://dl.acm.org/citation.cfm?id=141471&CFID=129340085&CFTOKEN=82758019&preflayout=flat,"LFP '92"
http://dl.acm.org/citation.cfm?id=1415472&CFID=129340085&CFTOKEN=82758019&preflayout=flat,"PLoP '06"
http://dl.acm.org/citation.cfm?id=141936&CFID=129340085&CFTOKEN=82758019&preflayout=flat,"OOPSLA '92"
http://dl.acm.org/citation.cfm?id=142868&CFID=129340085&CFTOKEN=82758019&preflayout=flat,"SDE 5"
http://dl.acm.org/citation.cfm?id=143062&CFID=129340085&CFTOKEN=82758019&preflayout=flat,"ICSE '92"
http://dl.acm.org/citation.cfm?id=143095&CFID=129340085&CFTOKEN=82758019&preflayout=flat,"PLDI '92"
http://dl.acm.org/citation.cfm?id=143165&CFID=129340085&CFTOKEN=82758019&preflayout=flat,"POPL '92"
http://dl.acm.org/citation.cfm?id=143365&CFID=129340085&CFTOKEN=82758019&preflayout=flat,"ASPLOS-V"
http://dl.acm.org/citation.cfm?id=143557&CFID=129340085&CFTOKEN=82758019&preflayout=flat,"TRI-Ada '92"
http://dl.acm.org/citation.cfm?id=143559&CFID=129340085&CFTOKEN=82758019&preflayout=flat,"SAC '92"
http://dl.acm.org/citation.cfm?id=143773&CFID=129340085&CFTOKEN=82758019&preflayout=flat,"OOPSLA '91"
http://dl.acm.org/citation.cfm?id=144045&CFID=129340085&CFTOKEN=82758019&preflayout=flat,"APL '92"
http://dl.acm.org/citation.cfm?id=1449764&CFID=129340085&CFTOKEN=82758019&preflayout=flat,"OOPSLA '08"
http://dl.acm.org/citation.cfm?id=1449814&CFID=129340085&CFTOKEN=82758019&preflayout=flat,"OOPSLA Companion '08"
http://dl.acm.org/citation.cfm?id=1449913&CFID=129340085&CFTOKEN=82758019&preflayout=flat,"GPCE '08"
http://dl.acm.org/citation.cfm?id=1453101&CFID=129340085&CFTOKEN=82758019&preflayout=flat,"SIGSOFT '08/FSE-16"
http://dl.acm.org/citation.cfm?id=1454474&CFID=129340085&CFTOKEN=82758019&preflayout=flat,"SIGAda '08"
http://dl.acm.org/citation.cfm?id=1456190&CFID=129340085&CFTOKEN=82758019&preflayout=flat,"CBHPC '08"
http://dl.acm.org/citation.cfm?id=1480881&CFID=129340085&CFTOKEN=82758019&preflayout=flat,"POPL '09"
http://dl.acm.org/citation.cfm?id=1480945&CFID=129340085&CFTOKEN=82758019&preflayout=flat,"PEPM '09"
http://dl.acm.org/citation.cfm?id=1481839&CFID=129340085&CFTOKEN=82758019&preflayout=flat,"DAMP '09"
http://dl.acm.org/citation.cfm?id=1481848&CFID=129340085&CFTOKEN=82758019&preflayout=flat,"PLPV '09"
http://dl.acm.org/citation.cfm?id=1481861&CFID=129340085&CFTOKEN=82758019&preflayout=flat,"TLDI '09"
http://dl.acm.org/citation.cfm?id=1490283&CFID=129340085&CFTOKEN=82758019&preflayout=flat,"HotSWUp '08"
http://dl.acm.org/citation.cfm?id=149576&CFID=129340085&CFTOKEN=82758019&preflayout=flat,"TRI-Ada '92"
http://dl.acm.org/citation.cfm?id=149584&CFID=129340085&CFTOKEN=82758019&preflayout=flat,"TRI-Ada '92"
http://dl.acm.org/citation.cfm?id=1504176&CFID=129340085&CFTOKEN=82758019&preflayout=flat,"PPoPP '09"
http://dl.acm.org/citation.cfm?id=1507504&CFID=129340085&CFTOKEN=82758019&preflayout=flat,"VMIL '08"
http://dl.acm.org/citation.cfm?id=1508244&CFID=129340085&CFTOKEN=82758019&preflayout=flat,"ASPLOS '09"
http://dl.acm.org/citation.cfm?id=1508293&CFID=129340085&CFTOKEN=82758019&preflayout=flat,"VEE '09"
http://dl.acm.org/citation.cfm?id=1509239&CFID=129340085&CFTOKEN=82758019&preflayout=flat,"AOSD '09"
http://dl.acm.org/citation.cfm?id=1509276&CFID=129340085&CFTOKEN=82758019&preflayout=flat,"ACP4IS '09"
http://dl.acm.org/citation.cfm?id=1509297&CFID=129340085&CFTOKEN=82758019&preflayout=flat,"AOM '09"
http://dl.acm.org/citation.cfm?id=1509307&CFID=129340085&CFTOKEN=82758019&preflayout=flat,"DSAL '09"
http://dl.acm.org/citation.cfm?id=1509825&CFID=129340085&CFTOKEN=82758019&preflayout=flat,"EA '09"
http://dl.acm.org/citation.cfm?id=1509837&CFID=129340085&CFTOKEN=82758019&preflayout=flat,"FOAL '09"
http://dl.acm.org/citation.cfm?id=1509847&CFID=129340085&CFTOKEN=82758019&preflayout=flat,"PLATE '09"
http://dl.acm.org/citation.cfm?id=1512475&CFID=129340085&CFTOKEN=82758019&preflayout=flat,"PASTE '08"
http://dl.acm.org/citation.cfm?id=1512762&CFID=129340085&CFTOKEN=82758019&preflayout=flat,"LCSD '07"
http://dl.acm.org/citation.cfm?id=1529282&CFID=129340085&CFTOKEN=82758019&preflayout=flat,"SAC '09"
http://dl.acm.org/citation.cfm?id=1529966&CFID=129340085&CFTOKEN=82758019&preflayout=flat,"LISP50"
http://dl.acm.org/citation.cfm?id=154183&CFID=129340085&CFTOKEN=82758019&preflayout=flat,"ISSTA '93"
http://dl.acm.org/citation.cfm?id=1542431&CFID=129340085&CFTOKEN=82758019&preflayout=flat,"ISMM '09"
http://dl.acm.org/citation.cfm?id=1542452&CFID=129340085&CFTOKEN=82758019&preflayout=flat,"LCTES '09"
http://dl.acm.org/citation.cfm?id=1542476&CFID=129340085&CFTOKEN=82758019&preflayout=flat,"PLDI '09"
http://dl.acm.org/citation.cfm?id=1545006&CFID=129340085&CFTOKEN=82758019&preflayout=flat,"CGO '09"
http://dl.acm.org/citation.cfm?id=154630&CFID=129340085&CFTOKEN=82758019&preflayout=flat,"PEPM '93"
http://dl.acm.org/citation.cfm?id=154766&CFID=129340085&CFTOKEN=82758019&preflayout=flat,"HOPL-II"
http://dl.acm.org/citation.cfm?id=155090&CFID=129340085&CFTOKEN=82758019&preflayout=flat,"PLDI '93"
http://dl.acm.org/citation.cfm?id=155332&CFID=129340085&CFTOKEN=82758019&preflayout=flat,"PPOPP '93"
http://dl.acm.org/citation.cfm?id=1554339&CFID=129340085&CFTOKEN=82758019&preflayout=flat,"PLAS '09"
http://dl.acm.org/citation.cfm?id=1555001&CFID=129340085&CFTOKEN=82758019&preflayout=flat,"ICSE '09"
http://dl.acm.org/citation.cfm?id=1557898&CFID=129340085&CFTOKEN=82758019&preflayout=flat,"FTfJP '09"
http://dl.acm.org/citation.cfm?id=1562112&CFID=129340085&CFTOKEN=82758019&preflayout=flat,"COP '09"
http://dl.acm.org/citation.cfm?id=1562860&CFID=129340085&CFTOKEN=82758019&preflayout=flat,"RAM-SE '09"
http://dl.acm.org/citation.cfm?id=1562868&CFID=129340085&CFTOKEN=82758019&preflayout=flat,"ELW '09"
http://dl.acm.org/citation.cfm?id=1564597&CFID=129340085&CFTOKEN=82758019&preflayout=flat,"EA '09"
http://dl.acm.org/citation.cfm?id=1565824&CFID=129340085&CFTOKEN=82758019&preflayout=flat,"ICOOOLPS '09"
http://dl.acm.org/citation.cfm?id=1572272&CFID=129340085&CFTOKEN=82758019&preflayout=flat,"ISSTA '09"
http://dl.acm.org/citation.cfm?id=157709&CFID=129340085&CFTOKEN=82758019&preflayout=flat,"OOPSLA '92"
http://dl.acm.org/citation.cfm?id=158511&CFID=129340085&CFTOKEN=82758019&preflayout=flat,"POPL '93"
http://dl.acm.org/citation.cfm?id=1585694&CFID=129340085&CFTOKEN=82758019&preflayout=flat,"ICSE '09 COMPANION"
http://dl.acm.org/citation.cfm?id=1595655&CFID=129340085&CFTOKEN=82758019&preflayout=flat,"POOSC '09"
http://dl.acm.org/citation.cfm?id=1596550&CFID=129340085&CFTOKEN=82758019&preflayout=flat,"ICFP '09"
http://dl.acm.org/citation.cfm?id=1596600&CFID=129340085&CFTOKEN=82758019&preflayout=flat,"ERLANG '09"
http://dl.acm.org/citation.cfm?id=1596614&CFID=129340085&CFTOKEN=82758019&preflayout=flat,"WGP '09"
http://dl.acm.org/citation.cfm?id=1596627&CFID=129340085&CFTOKEN=82758019&preflayout=flat,"ML '09"
http://dl.acm.org/citation.cfm?id=1596638&CFID=129340085&CFTOKEN=82758019&preflayout=flat,"Haskell '09"
http://dl.acm.org/citation.cfm?id=1596655&CFID=129340085&CFTOKEN=82758019&preflayout=flat,"PPPJ '09"
http://dl.acm.org/citation.cfm?id=1599410&CFID=129340085&CFTOKEN=82758019&preflayout=flat,"PPDP '09"
http://dl.acm.org/citation.cfm?id=1621607&CFID=129340085&CFTOKEN=82758019&preflayout=flat,"GPCE '09"
http://dl.acm.org/citation.cfm?id=1622123&CFID=129340085&CFTOKEN=82758019&preflayout=flat,"ILC '07"
http://dl.acm.org/citation.cfm?id=162754&CFID=129340085&CFTOKEN=82758019&preflayout=flat,"SAC '93"
http://dl.acm.org/citation.cfm?id=1636642&CFID=129340085&CFTOKEN=82758019&preflayout=flat,"WRT '08"
http://dl.acm.org/citation.cfm?id=1639622&CFID=129340085&CFTOKEN=82758019&preflayout=flat,"PADTAD '09"
http://dl.acm.org/citation.cfm?id=1639950&CFID=129340085&CFTOKEN=82758019&preflayout=flat,"OOPSLA '09"
http://dl.acm.org/citation.cfm?id=1640089&CFID=129340085&CFTOKEN=82758019&preflayout=flat,"OOPSLA '09"
http://dl.acm.org/citation.cfm?id=1640134&CFID=129340085&CFTOKEN=82758019&preflayout=flat,"DLS '09"
http://dl.acm.org/citation.cfm?id=1641309&CFID=129340085&CFTOKEN=82758019&preflayout=flat,"WikiSym '09"
http://dl.acm.org/citation.cfm?id=1647420&CFID=129340085&CFTOKEN=82758019&preflayout=flat,"SIGAda '09"
http://dl.acm.org/citation.cfm?id=165180&CFID=129340085&CFTOKEN=82758019&preflayout=flat,"FPCA '93"
http://dl.acm.org/citation.cfm?id=1656437&CFID=129340085&CFTOKEN=82758019&preflayout=flat,"HotSWUp '09"
http://dl.acm.org/citation.cfm?id=165854&CFID=129340085&CFTOKEN=82758019&preflayout=flat,"OOPSLA '93"
http://dl.acm.org/citation.cfm?id=166197&CFID=129340085&CFTOKEN=82758019&preflayout=flat,"APL '93"
http://dl.acm.org/citation.cfm?id=1668113&CFID=129340085&CFTOKEN=82758019&preflayout=flat,"CUFP '09"
http://dl.acm.org/citation.cfm?id=1687774&CFID=129340085&CFTOKEN=82758019&preflayout=flat,"CBHPC '09"
http://dl.acm.org/citation.cfm?id=1693453&CFID=129340085&CFTOKEN=82758019&preflayout=flat,"PPoPP '10"
http://dl.acm.org/citation.cfm?id=1706299&CFID=129340085&CFTOKEN=82758019&preflayout=flat,"POPL '10"
http://dl.acm.org/citation.cfm?id=1706356&CFID=129340085&CFTOKEN=82758019&preflayout=flat,"PEPM '10"
http://dl.acm.org/citation.cfm?id=170657&CFID=129340085&CFTOKEN=82758019&preflayout=flat,"TRI-Ada '93"
http://dl.acm.org/citation.cfm?id=1707790&CFID=129340085&CFTOKEN=82758019&preflayout=flat,"PLPV '10"
http://dl.acm.org/citation.cfm?id=1708016&CFID=129340085&CFTOKEN=82758019&preflayout=flat,"TLDI '10"
http://dl.acm.org/citation.cfm?id=1708046&CFID=129340085&CFTOKEN=82758019&preflayout=flat,"DAMP '10"
http://dl.acm.org/citation.cfm?id=1711506&CFID=129340085&CFTOKEN=82758019&preflayout=flat,"VMIL '09"
http://dl.acm.org/citation.cfm?id=1735935&CFID=129340085&CFTOKEN=82758019&preflayout=flat,"IWST '09"
http://dl.acm.org/citation.cfm?id=1735997&CFID=129340085&CFTOKEN=82758019&preflayout=flat,"VEE '10"
http://dl.acm.org/citation.cfm?id=1736020&CFID=129340085&CFTOKEN=82758019&preflayout=flat,"ASPLOS '10"
http://dl.acm.org/citation.cfm?id=1739025&CFID=129340085&CFTOKEN=82758019&preflayout=flat,"INTERACT-14"
http://dl.acm.org/citation.cfm?id=1739230&CFID=129340085&CFTOKEN=82758019&preflayout=flat,"AOSD '10"
http://dl.acm.org/citation.cfm?id=174266&CFID=129340085&CFTOKEN=82758019&preflayout=flat,"PADD '93"
http://dl.acm.org/citation.cfm?id=174675&CFID=129340085&CFTOKEN=82758019&preflayout=flat,"POPL '94"
http://dl.acm.org/citation.cfm?id=1753196&CFID=129340085&CFTOKEN=82758019&preflayout=flat,"PLoP '08"
http://dl.acm.org/citation.cfm?id=1755888&CFID=129340085&CFTOKEN=82758019&preflayout=flat,"LCTES '10"
http://dl.acm.org/citation.cfm?id=1765175&CFID=129340085&CFTOKEN=82758019&preflayout=flat,"UML'00"
http://dl.acm.org/citation.cfm?id=1767297&CFID=129340085&CFTOKEN=82758019&preflayout=flat,"UML'99"
http://dl.acm.org/citation.cfm?id=17701&CFID=129340085&CFTOKEN=82758019&preflayout=flat,"APL '85"
http://dl.acm.org/citation.cfm?id=1772954&CFID=129340085&CFTOKEN=82758019&preflayout=flat,"CGO '10"
http://dl.acm.org/citation.cfm?id=1774088&CFID=129340085&CFTOKEN=82758019&preflayout=flat,"SAC '10"
http://dl.acm.org/citation.cfm?id=178243&CFID=129340085&CFTOKEN=82758019&preflayout=flat,"PLDI '94"
http://dl.acm.org/citation.cfm?id=1787553&CFID=129340085&CFTOKEN=82758019&preflayout=flat,"ECOOP'07"
http://dl.acm.org/citation.cfm?id=1806596&CFID=129340085&CFTOKEN=82758019&preflayout=flat,"PLDI '10"
http://dl.acm.org/citation.cfm?id=1806651&CFID=129340085&CFTOKEN=82758019&preflayout=flat,"ISMM '10"
http://dl.acm.org/citation.cfm?id=1806672&CFID=129340085&CFTOKEN=82758019&preflayout=flat,"PASTE '10"
http://dl.acm.org/citation.cfm?id=1806799&CFID=129340085&CFTOKEN=82758019&preflayout=flat,"ICSE '10"
http://dl.acm.org/citation.cfm?id=1810139&CFID=129340085&CFTOKEN=82758019&preflayout=flat,"APLWACA '10"
http://dl.acm.org/citation.cfm?id=1810295&CFID=129340085&CFTOKEN=82758019&preflayout=flat,"ICSE '10"
http://dl.acm.org/citation.cfm?id=1814217&CFID=129340085&CFTOKEN=82758019&preflayout=flat,"PLAS '10"
http://dl.acm.org/citation.cfm?id=1822258&CFID=129340085&CFTOKEN=82758019&preflayout=flat,"WikiSym '08"
http://dl.acm.org/citation.cfm?id=182409&CFID=129340085&CFTOKEN=82758019&preflayout=flat,"LFP '94"
http://dl.acm.org/citation.cfm?id=1831708&CFID=129340085&CFTOKEN=82758019&preflayout=flat,"ISSTA '10"
http://dl.acm.org/citation.cfm?id=1832772&CFID=129340085&CFTOKEN=82758019&preflayout=flat,"WikiSym '10"
http://dl.acm.org/citation.cfm?id=1836089&CFID=129340085&CFTOKEN=82758019&preflayout=flat,"PPDP '10"
http://dl.acm.org/citation.cfm?id=1852761&CFID=129340085&CFTOKEN=82758019&preflayout=flat,"PPPJ '10"
http://dl.acm.org/citation.cfm?id=1855795&CFID=129340085&CFTOKEN=82758019&preflayout=flat,"TAPP'10"
http://dl.acm.org/citation.cfm?id=1860039&CFID=129340085&CFTOKEN=82758019&preflayout=flat,"S3 '10"
http://dl.acm.org/citation.cfm?id=186258&CFID=129340085&CFTOKEN=82758019&preflayout=flat,"ISSTA '94"
http://dl.acm.org/citation.cfm?id=1863482&CFID=129340085&CFTOKEN=82758019&preflayout=flat,"HLPP '10"
http://dl.acm.org/citation.cfm?id=1863495&CFID=129340085&CFTOKEN=82758019&preflayout=flat,"WGP '10"
http://dl.acm.org/citation.cfm?id=1863509&CFID=129340085&CFTOKEN=82758019&preflayout=flat,"Erlang '10"
http://dl.acm.org/citation.cfm?id=1863523&CFID=129340085&CFTOKEN=82758019&preflayout=flat,"Haskell '10"
http://dl.acm.org/citation.cfm?id=1863543&CFID=129340085&CFTOKEN=82758019&preflayout=flat,"ICFP '10"
http://dl.acm.org/citation.cfm?id=1863597&CFID=129340085&CFTOKEN=82758019&preflayout=flat,"MSFP '10"
http://dl.acm.org/citation.cfm?id=1866210&CFID=129340085&CFTOKEN=82758019&preflayout=flat,"PADTAD '10"
http://dl.acm.org/citation.cfm?id=1868044&CFID=129340085&CFTOKEN=82758019&preflayout=flat,"MIIT '10"
http://dl.acm.org/citation.cfm?id=1868048&CFID=129340085&CFTOKEN=82758019&preflayout=flat,"STOV '10"
http://dl.acm.org/citation.cfm?id=1868281&CFID=129340085&CFTOKEN=82758019&preflayout=flat,"LDTA '10"
http://dl.acm.org/citation.cfm?id=1868294&CFID=129340085&CFTOKEN=82758019&preflayout=flat,"GPCE '10"
http://dl.acm.org/citation.cfm?id=1868321&CFID=129340085&CFTOKEN=82758019&preflayout=flat,"WODA '10"
http://dl.acm.org/citation.cfm?id=1869459&CFID=129340085&CFTOKEN=82758019&preflayout=flat,"OOPSLA '10"
http://dl.acm.org/citation.cfm?id=1869542&CFID=129340085&CFTOKEN=82758019&preflayout=flat,"SPLASH '10"
http://dl.acm.org/citation.cfm?id=1869631&CFID=129340085&CFTOKEN=82758019&preflayout=flat,"DLS '10"
http://dl.acm.org/citation.cfm?id=1869643&CFID=129340085&CFTOKEN=82758019&preflayout=flat,"ILC '10"
http://dl.acm.org/citation.cfm?id=1879063&CFID=129340085&CFTOKEN=82758019&preflayout=flat,"SIGAda '10"
http://dl.acm.org/citation.cfm?id=1879211&CFID=129340085&CFTOKEN=82758019&preflayout=flat,"SOFTVIS '10"
http://dl.acm.org/citation.cfm?id=1882291&CFID=129340085&CFTOKEN=82758019&preflayout=flat,"FSE '10"
http://dl.acm.org/citation.cfm?id=1883978&CFID=129340085&CFTOKEN=82758019&preflayout=flat,"ECOOP'10"
http://dl.acm.org/citation.cfm?id=1890683&CFID=129340085&CFTOKEN=82758019&preflayout=flat,"RAM-SE '10"
http://dl.acm.org/citation.cfm?id=1890692&CFID=129340085&CFTOKEN=82758019&preflayout=flat,"ETOOS '10"
http://dl.acm.org/citation.cfm?id=1890703&CFID=129340085&CFTOKEN=82758019&preflayout=flat,"ELW '10"
http://dl.acm.org/citation.cfm?id=1900160&CFID=129340085&CFTOKEN=82758019&preflayout=flat,"CUFP '10"
http://dl.acm.org/citation.cfm?id=190271&CFID=129340085&CFTOKEN=82758019&preflayout=flat,"APL '94"
http://dl.acm.org/citation.cfm?id=191080&CFID=129340085&CFTOKEN=82758019&preflayout=flat,"OOPSLA '94"
http://dl.acm.org/citation.cfm?id=1921705&CFID=129340085&CFTOKEN=82758019&preflayout=flat,"FSM '10"
http://dl.acm.org/citation.cfm?id=1924520&CFID=129340085&CFTOKEN=82758019&preflayout=flat,"FTFJP '10"
http://dl.acm.org/citation.cfm?id=1925801&CFID=129340085&CFTOKEN=82758019&preflayout=flat,"ICOOOLPS '10"
http://dl.acm.org/citation.cfm?id=1926354&CFID=129340085&CFTOKEN=82758019&preflayout=flat,"DAMP '11"
http://dl.acm.org/citation.cfm?id=1926385&CFID=129340085&CFTOKEN=82758019&preflayout=flat,"POPL '11"
http://dl.acm.org/citation.cfm?id=1929501&CFID=129340085&CFTOKEN=82758019&preflayout=flat,"PEPM '11"
http://dl.acm.org/citation.cfm?id=1929529&CFID=129340085&CFTOKEN=82758019&preflayout=flat,"PLPV '11"
http://dl.acm.org/citation.cfm?id=1929553&CFID=129340085&CFTOKEN=82758019&preflayout=flat,"TLDI '11"
http://dl.acm.org/citation.cfm?id=1929999&CFID=129340085&CFTOKEN=82758019&preflayout=flat,"MASPEGHI '10"
http://dl.acm.org/citation.cfm?id=1930021&CFID=129340085&CFTOKEN=82758019&preflayout=flat,"COP '10"
http://dl.acm.org/citation.cfm?id=193173&CFID=129340085&CFTOKEN=82758019&preflayout=flat,"SIGSOFT '94"
http://dl.acm.org/citation.cfm?id=1937117&CFID=129340085&CFTOKEN=82758019&preflayout=flat,"PLATEAU '10"
http://dl.acm.org/citation.cfm?id=1937128&CFID=129340085&CFTOKEN=82758019&preflayout=flat,"ODiSE'10"
http://dl.acm.org/citation.cfm?id=1938595&CFID=129340085&CFTOKEN=82758019&preflayout=flat,"HAoSE '10"
http://dl.acm.org/citation.cfm?id=1940747&CFID=129340085&CFTOKEN=82758019&preflayout=flat,"PSI EtA '10"
http://dl.acm.org/citation.cfm?id=1941054&CFID=129340085&CFTOKEN=82758019&preflayout=flat,"VMIL '10"
http://dl.acm.org/citation.cfm?id=1941553&CFID=129340085&CFTOKEN=82758019&preflayout=flat,"PPoPP '11"
http://dl.acm.org/citation.cfm?id=1942790&CFID=129340085&CFTOKEN=82758019&preflayout=flat,"IWST '10"
http://dl.acm.org/citation.cfm?id=1942793&CFID=129340085&CFTOKEN=82758019&preflayout=flat,"S3 '10"
http://dl.acm.org/citation.cfm?id=1943226&CFID=129340085&CFTOKEN=82758019&preflayout=flat,"PLoP '09"
http://dl.acm.org/citation.cfm?id=1943397&CFID=129340085&CFTOKEN=82758019&preflayout=flat,"FML '10"
http://dl.acm.org/citation.cfm?id=1944862&CFID=129340085&CFTOKEN=82758019&preflayout=flat,"HiPEAC '11"
http://dl.acm.org/citation.cfm?id=1950365&CFID=129340085&CFTOKEN=82758019&preflayout=flat,"ASPLOS '11"
http://dl.acm.org/citation.cfm?id=1952682&CFID=129340085&CFTOKEN=82758019&preflayout=flat,"VEE '11"
http://dl.acm.org/citation.cfm?id=195473&CFID=129340085&CFTOKEN=82758019&preflayout=flat,"ASPLOS-VI"
http://dl.acm.org/citation.cfm?id=1960275&CFID=129340085&CFTOKEN=82758019&preflayout=flat,"AOSD '11"
http://dl.acm.org/citation.cfm?id=1960314&CFID=129340085&CFTOKEN=82758019&preflayout=flat,"AOSD '11"
http://dl.acm.org/citation.cfm?id=1960496&CFID=129340085&CFTOKEN=82758019&preflayout=flat,"DSAL '11"
http://dl.acm.org/citation.cfm?id=1960502&CFID=129340085&CFTOKEN=82758019&preflayout=flat,"EA '11"
http://dl.acm.org/citation.cfm?id=1960510&CFID=129340085&CFTOKEN=82758019&preflayout=flat,"FOAL '11"
http://dl.acm.org/citation.cfm?id=1960518&CFID=129340085&CFTOKEN=82758019&preflayout=flat,"MISS '11"
http://dl.acm.org/citation.cfm?id=1961359&CFID=129340085&CFTOKEN=82758019&preflayout=flat,"VariComp '11"
http://dl.acm.org/citation.cfm?id=1964138&CFID=129340085&CFTOKEN=82758019&preflayout=flat,"KOPLE '10"
http://dl.acm.org/citation.cfm?id=1967677&CFID=129340085&CFTOKEN=82758019&preflayout=flat,"LCTES '11"
http://dl.acm.org/citation.cfm?id=197694&CFID=129340085&CFTOKEN=82758019&preflayout=flat,"TRI-Ada '94"
http://dl.acm.org/citation.cfm?id=1982185&CFID=129340085&CFTOKEN=82758019&preflayout=flat,"SAC '11"
http://dl.acm.org/citation.cfm?id=1984732&CFID=129340085&CFTOKEN=82758019&preflayout=flat,"WRT '11"
http://dl.acm.org/citation.cfm?id=1985793&CFID=129340085&CFTOKEN=82758019&preflayout=flat,"ICSE '11"
http://dl.acm.org/citation.cfm?id=1988783&CFID=129340085&CFTOKEN=82758019&preflayout=flat,"LDTA '11"
http://dl.acm.org/citation.cfm?id=1988915&CFID=129340085&CFTOKEN=82758019&preflayout=flat,"MSPC '11"
http://dl.acm.org/citation.cfm?id=199189&CFID=129340085&CFTOKEN=82758019&preflayout=flat,"SETA2"
http://dl.acm.org/citation.cfm?id=1993478&CFID=129340085&CFTOKEN=82758019&preflayout=flat,"ISMM '11"
http://dl.acm.org/citation.cfm?id=1993498&CFID=129340085&CFTOKEN=82758019&preflayout=flat,"PLDI '11"
http://dl.acm.org/citation.cfm?id=199448&CFID=129340085&CFTOKEN=82758019&preflayout=flat,"POPL '95"
http://dl.acm.org/citation.cfm?id=1998496&CFID=129340085&CFTOKEN=82758019&preflayout=flat,"FMCAD '10"
http://dl.acm.org/citation.cfm?id=2001420&CFID=129340085&CFTOKEN=82758019&preflayout=flat,"ISSTA '11"
http://dl.acm.org/citation.cfm?id=2002931&CFID=129340085&CFTOKEN=82758019&preflayout=flat,"ETSE '11"
http://dl.acm.org/citation.cfm?id=2002951&CFID=129340085&CFTOKEN=82758019&preflayout=flat,"WODA '11"
http://dl.acm.org/citation.cfm?id=2002962&CFID=129340085&CFTOKEN=82758019&preflayout=flat,"PADTAD '11"
http://dl.acm.org/citation.cfm?id=2003476&CFID=129340085&CFTOKEN=82758019&preflayout=flat,"PPDP '11"
http://dl.acm.org/citation.cfm?id=2024569&CFID=129340085&CFTOKEN=82758019&preflayout=flat,"PASTE '11"
http://dl.acm.org/citation.cfm?id=2025113&CFID=129340085&CFTOKEN=82758019&preflayout=flat,"ESEC/FSE '11"
http://dl.acm.org/citation.cfm?id=202529&CFID=129340085&CFTOKEN=82758019&preflayout=flat,"IR '95"
http://dl.acm.org/citation.cfm?id=2030686&CFID=129340085&CFTOKEN=82758019&preflayout=flat,"S3 '11"
http://dl.acm.org/citation.cfm?id=2032497&CFID=129340085&CFTOKEN=82758019&preflayout=flat,"ECOOP'11"
http://dl.acm.org/citation.cfm?id=2034654&CFID=129340085&CFTOKEN=82758019&preflayout=flat,"Erlang '11"
http://dl.acm.org/citation.cfm?id=2034675&CFID=129340085&CFTOKEN=82758019&preflayout=flat,"Haskell '11"
http://dl.acm.org/citation.cfm?id=2034751&CFID=129340085&CFTOKEN=82758019&preflayout=flat,"HLPP '11"
http://dl.acm.org/citation.cfm?id=2034773&CFID=129340085&CFTOKEN=82758019&preflayout=flat,"ICFP '11"
http://dl.acm.org/citation.cfm?id=2036918&CFID=129340085&CFTOKEN=82758019&preflayout=flat,"WGP '11"
http://dl.acm.org/citation.cfm?id=2038558&CFID=129340085&CFTOKEN=82758019&preflayout=flat,"WikiSym '11"
http://dl.acm.org/citation.cfm?id=2039312&CFID=129340085&CFTOKEN=82758019&preflayout=flat,"POOSC '10"
http://dl.acm.org/citation.cfm?id=2047849&CFID=129340085&CFTOKEN=82758019&preflayout=flat,"DLS '11"
http://dl.acm.org/citation.cfm?id=2047862&CFID=129340085&CFTOKEN=82758019&preflayout=flat,"GPCE '11"
http://dl.acm.org/citation.cfm?id=2048066&CFID=129340085&CFTOKEN=82758019&preflayout=flat,"OOPSLA '11"
http://dl.acm.org/citation.cfm?id=2048147&CFID=129340085&CFTOKEN=82758019&preflayout=flat,"SPLASH '11"
http://dl.acm.org/citation.cfm?id=2048237&CFID=129340085&CFTOKEN=82758019&preflayout=flat,"ONWARD '11"
http://dl.acm.org/citation.cfm?id=2060329&CFID=129340085&CFTOKEN=82758019&preflayout=flat,"DSM '10"
http://dl.acm.org/citation.cfm?id=2068736&CFID=129340085&CFTOKEN=82758019&preflayout=flat,"COP '11"
http://dl.acm.org/citation.cfm?id=2068776&CFID=129340085&CFTOKEN=82758019&preflayout=flat,"FREECO '11"
http://dl.acm.org/citation.cfm?id=2068783&CFID=129340085&CFTOKEN=82758019&preflayout=flat,"AREW '11"
http://dl.acm.org/citation.cfm?id=206913&CFID=129340085&CFTOKEN=82758019&preflayout=flat,"APL '95"
http://dl.acm.org/citation.cfm?id=2069172&CFID=129340085&CFTOKEN=82758019&preflayout=flat,"ICOOOLPS '11"
http://dl.acm.org/citation.cfm?id=2070337&CFID=129340085&CFTOKEN=82758019&preflayout=flat,"SIGAda '11"
http://dl.acm.org/citation.cfm?id=207110&CFID=129340085&CFTOKEN=82758019&preflayout=flat,"PLDI '95"
http://dl.acm.org/citation.cfm?id=2076674&CFID=129340085&CFTOKEN=82758019&preflayout=flat,"FTfJP '11"
http://dl.acm.org/citation.cfm?id=2089155&CFID=129340085&CFTOKEN=82758019&preflayout=flat,"PLATEAU '11"
http://dl.acm.org/citation.cfm?id=2089172&CFID=129340085&CFTOKEN=82758019&preflayout=flat,"FREECO-Onward! '11"
http://dl.acm.org/citation.cfm?id=2093157&CFID=129340085&CFTOKEN=82758019&preflayout=flat,"PPPJ '11"
http://dl.acm.org/citation.cfm?id=2093328&CFID=129340085&CFTOKEN=82758019&preflayout=flat,"PLASTIC '11"
http://dl.acm.org/citation.cfm?id=2095050&CFID=129340085&CFTOKEN=82758019&preflayout=flat,"SPLASH '11 Workshops"
http://dl.acm.org/citation.cfm?id=209936&CFID=129340085&CFTOKEN=82758019&preflayout=flat,"PPOPP '95"
http://dl.acm.org/citation.cfm?id=2103656&CFID=129340085&CFTOKEN=82758019&preflayout=flat,"POPL '12"
http://dl.acm.org/citation.cfm?id=2103736&CFID=129340085&CFTOKEN=82758019&preflayout=flat,"DAMP '12"
http://dl.acm.org/citation.cfm?id=2103746&CFID=129340085&CFTOKEN=82758019&preflayout=flat,"PEPM '12"
http://dl.acm.org/citation.cfm?id=2103776&CFID=129340085&CFTOKEN=82758019&preflayout=flat,"PLPV '12"
http://dl.acm.org/citation.cfm?id=2103786&CFID=129340085&CFTOKEN=82758019&preflayout=flat,"TLDI '12"
http://dl.acm.org/citation.cfm?id=2134243&CFID=129340085&CFTOKEN=82758019&preflayout=flat,"WODA '09"
http://dl.acm.org/citation.cfm?id=2141702&CFID=129340085&CFTOKEN=82758019&preflayout=flat,"PMAM '12"
http://dl.acm.org/citation.cfm?id=2145816&CFID=129340085&CFTOKEN=82758019&preflayout=flat,"PPoPP '12"
http://dl.acm.org/citation.cfm?id=2150976&CFID=129340085&CFTOKEN=82758019&preflayout=flat,"ASPLOS '12"
http://dl.acm.org/citation.cfm?id=2151024&CFID=129340085&CFTOKEN=82758019&preflayout=flat,"VEE '12"
http://dl.acm.org/citation.cfm?id=215465&CFID=129340085&CFTOKEN=82758019&preflayout=flat,"PEPM '95"
http://dl.acm.org/citation.cfm?id=2157654&CFID=129340085&CFTOKEN=82758019&preflayout=flat,"FMCAD '11"
http://dl.acm.org/citation.cfm?id=2161996&CFID=129340085&CFTOKEN=82758019&preflayout=flat,"VariComp '12"
http://dl.acm.org/citation.cfm?id=2162004&CFID=129340085&CFTOKEN=82758019&preflayout=flat,"NEMARA '12"
http://dl.acm.org/citation.cfm?id=2162010&CFID=129340085&CFTOKEN=82758019&preflayout=flat,"FOAL '12"
http://dl.acm.org/citation.cfm?id=2162024&CFID=129340085&CFTOKEN=82758019&preflayout=flat,"MISS '12"
http://dl.acm.org/citation.cfm?id=2162037&CFID=129340085&CFTOKEN=82758019&preflayout=flat,"DSAL '12"
http://dl.acm.org/citation.cfm?id=2162049&CFID=129340085&CFTOKEN=82758019&preflayout=flat,"AOSD '12"
http://dl.acm.org/citation.cfm?id=2162110&CFID=129340085&CFTOKEN=82758019&preflayout=flat,"AOSD Companion '12"
http://dl.acm.org/citation.cfm?id=216591&CFID=129340085&CFTOKEN=82758019&preflayout=flat,"TRI-Ada '95"
http://dl.acm.org/citation.cfm?id=216636&CFID=129340085&CFTOKEN=82758019&preflayout=flat,"LCTES '95"
http://dl.acm.org/citation.cfm?id=2166929&CFID=129340085&CFTOKEN=82758019&preflayout=flat,"IWST '11"
http://dl.acm.org/citation.cfm?id=2166956&CFID=129340085&CFTOKEN=82758019&preflayout=flat,"PLAS '11"
http://dl.acm.org/citation.cfm?id=217838&CFID=129340085&CFTOKEN=82758019&preflayout=flat,"OOPSLA '95"
http://dl.acm.org/citation.cfm?id=2212736&CFID=129340085&CFTOKEN=82758019&preflayout=flat,"X10 '11"
http://dl.acm.org/citation.cfm?id=222124&CFID=129340085&CFTOKEN=82758019&preflayout=flat,"SIGSOFT '95"
http://dl.acm.org/citation.cfm?id=2237887&CFID=129340085&CFTOKEN=82758019&preflayout=flat,"RAM-SE '12"
http://dl.acm.org/citation.cfm?id=224139&CFID=129340085&CFTOKEN=82758019&preflayout=flat,"LUV '94"
http://dl.acm.org/citation.cfm?id=22415&CFID=129340085&CFTOKEN=82758019&preflayout=flat,"APL '86"
http://dl.acm.org/citation.cfm?id=224164&CFID=129340085&CFTOKEN=82758019&preflayout=flat,"FPCA '95"
http://dl.acm.org/citation.cfm?id=2245276&CFID=129340085&CFTOKEN=82758019&preflayout=flat,"SAC '12"
http://dl.acm.org/citation.cfm?id=2246056&CFID=129340085&CFTOKEN=82758019&preflayout=flat,"X10 '12"
http://dl.acm.org/citation.cfm?id=2247684&CFID=129340085&CFTOKEN=82758019&preflayout=flat,"MSPC '12"
http://dl.acm.org/citation.cfm?id=2248418&CFID=129340085&CFTOKEN=82758019&preflayout=flat,"LCTES '12"
http://dl.acm.org/citation.cfm?id=225014&CFID=129340085&CFTOKEN=82758019&preflayout=flat,"ICSE '95"
http://dl.acm.org/citation.cfm?id=2254064&CFID=129340085&CFTOKEN=82758019&preflayout=flat,"PLDI '12"
http://dl.acm.org/citation.cfm?id=2258996&CFID=129340085&CFTOKEN=82758019&preflayout=flat,"ISMM '12"
http://dl.acm.org/citation.cfm?id=2259016&CFID=129340085&CFTOKEN=82758019&preflayout=flat,"CGO '12"
http://dl.acm.org/citation.cfm?id=2259051&CFID=129340085&CFTOKEN=82758019&preflayout=flat,"SOAP '12"
http://dl.acm.org/citation.cfm?id=227726&CFID=129340085&CFTOKEN=82758019&preflayout=flat,"ICSE '96"
http://dl.acm.org/citation.cfm?id=229000&CFID=129340085&CFTOKEN=82758019&preflayout=flat,"ISSTA '96"
http://dl.acm.org/citation.cfm?id=2307196&CFID=129340085&CFTOKEN=82758019&preflayout=flat,"DYLA '12"
http://dl.acm.org/citation.cfm?id=2307436&CFID=129340085&CFTOKEN=82758019&preflayout=flat,"COP '12"
http://dl.acm.org/citation.cfm?id=2307720&CFID=129340085&CFTOKEN=82758019&preflayout=flat,"JSTools '12"
http://dl.acm.org/citation.cfm?id=231379&CFID=129340085&CFTOKEN=82758019&preflayout=flat,"PLDI '96"
http://dl.acm.org/citation.cfm?id=2318202&CFID=129340085&CFTOKEN=82758019&preflayout=flat,"FTfJP '12"
http://dl.acm.org/citation.cfm?id=232627&CFID=129340085&CFTOKEN=82758019&preflayout=flat,"ICFP '96"
http://dl.acm.org/citation.cfm?id=236337&CFID=129340085&CFTOKEN=82758019&preflayout=flat,"OOPSLA '96"
http://dl.acm.org/citation.cfm?id=237090&CFID=129340085&CFTOKEN=82758019&preflayout=flat,"ASPLOS-VII"
http://dl.acm.org/citation.cfm?id=237721&CFID=129340085&CFTOKEN=82758019&preflayout=flat,"POPL '96"
http://dl.acm.org/citation.cfm?id=239098&CFID=129340085&CFTOKEN=82758019&preflayout=flat,"SIGSOFT '96"
http://dl.acm.org/citation.cfm?id=240678&CFID=129340085&CFTOKEN=82758019&preflayout=flat,"TRI-Ada '96"
http://dl.acm.org/citation.cfm?id=24208&CFID=129340085&CFTOKEN=82758019&preflayout=flat,"SDE 2"
http://dl.acm.org/citation.cfm?id=243327&CFID=129340085&CFTOKEN=82758019&preflayout=flat,"ISAW '96"
http://dl.acm.org/citation.cfm?id=253228&CFID=129340085&CFTOKEN=82758019&preflayout=flat,"ICSE '97"
http://dl.acm.org/citation.cfm?id=253341&CFID=129340085&CFTOKEN=82758019&preflayout=flat,"APL '96"
http://dl.acm.org/citation.cfm?id=255471&CFID=129340085&CFTOKEN=82758019&preflayout=flat,"TRI-Ada '90"
http://dl.acm.org/citation.cfm?id=256428&CFID=129340085&CFTOKEN=82758019&preflayout=flat,"SIGSOFT '93"
http://dl.acm.org/citation.cfm?id=256664&CFID=129340085&CFTOKEN=82758019&preflayout=flat,"ICSE '91"
http://dl.acm.org/citation.cfm?id=257572&CFID=129340085&CFTOKEN=82758019&preflayout=flat,"ICSE '93"
http://dl.acm.org/citation.cfm?id=257734&CFID=129340085&CFTOKEN=82758019&preflayout=flat,"ICSE '94"
http://dl.acm.org/citation.cfm?id=258915&CFID=129340085&CFTOKEN=82758019&preflayout=flat,"PLDI '97"
http://dl.acm.org/citation.cfm?id=258948&CFID=129340085&CFTOKEN=82758019&preflayout=flat,"ICFP '97"
http://dl.acm.org/citation.cfm?id=258993&CFID=129340085&CFTOKEN=82758019&preflayout=flat,"PEPM '97"
http://dl.acm.org/citation.cfm?id=260028&CFID=129340085&CFTOKEN=82758019&preflayout=flat,"OOPSLA '94"
http://dl.acm.org/citation.cfm?id=260094&CFID=129340085&CFTOKEN=82758019&preflayout=flat,"OOPSLA '95"
http://dl.acm.org/citation.cfm?id=260303&CFID=129340085&CFTOKEN=82758019&preflayout=flat,"OOPSLA '93"
http://dl.acm.org/citation.cfm?id=263698&CFID=129340085&CFTOKEN=82758019&preflayout=flat,"OOPSLA '97"
http://dl.acm.org/citation.cfm?id=263699&CFID=129340085&CFTOKEN=82758019&preflayout=flat,"POPL '97"
http://dl.acm.org/citation.cfm?id=263764&CFID=129340085&CFTOKEN=82758019&preflayout=flat,"PPOPP '97"
http://dl.acm.org/citation.cfm?id=268946&CFID=129340085&CFTOKEN=82758019&preflayout=flat,"POPL '98"
http://dl.acm.org/citation.cfm?id=269629&CFID=129340085&CFTOKEN=82758019&preflayout=flat,"TRI-Ada '97"
http://dl.acm.org/citation.cfm?id=271771&CFID=129340085&CFTOKEN=82758019&preflayout=flat,"ISSTA '98"
http://dl.acm.org/citation.cfm?id=274567&CFID=129340085&CFTOKEN=82758019&preflayout=flat,"OOPSLA '97"
http://dl.acm.org/citation.cfm?id=277631&CFID=129340085&CFTOKEN=82758019&preflayout=flat,"PASTE '98"
http://dl.acm.org/citation.cfm?id=277650&CFID=129340085&CFTOKEN=82758019&preflayout=flat,"PLDI '98"
http://dl.acm.org/citation.cfm?id=28315&CFID=129340085&CFTOKEN=82758019&preflayout=flat,"APL '87"
http://dl.acm.org/citation.cfm?id=286860&CFID=129340085&CFTOKEN=82758019&preflayout=flat,"ISMM '98"
http://dl.acm.org/citation.cfm?id=286936&CFID=129340085&CFTOKEN=82758019&preflayout=flat,"OOPSLA '98"
http://dl.acm.org/citation.cfm?id=28697&CFID=129340085&CFTOKEN=82758019&preflayout=flat,"OOPLSA '86"
http://dl.acm.org/citation.cfm?id=288195&CFID=129340085&CFTOKEN=82758019&preflayout=flat,"SIGSOFT '98/FSE-6"
http://dl.acm.org/citation.cfm?id=288408&CFID=129340085&CFTOKEN=82758019&preflayout=flat,"ISAW '98"
http://dl.acm.org/citation.cfm?id=289423&CFID=129340085&CFTOKEN=82758019&preflayout=flat,"ICFP '98"
http://dl.acm.org/citation.cfm?id=289524&CFID=129340085&CFTOKEN=82758019&preflayout=flat,"SIGAda '98"
http://dl.acm.org/citation.cfm?id=291069&CFID=129340085&CFTOKEN=82758019&preflayout=flat,"ASPLOS-VIII"
http://dl.acm.org/citation.cfm?id=292540&CFID=129340085&CFTOKEN=82758019&preflayout=flat,"POPL '99"
http://dl.acm.org/citation.cfm?id=29650&CFID=129340085&CFTOKEN=82758019&preflayout=flat,"SIGPLAN '87"
http://dl.acm.org/citation.cfm?id=298151&CFID=129340085&CFTOKEN=82758019&preflayout=flat,"SAC '99"
http://dl.acm.org/citation.cfm?id=301104&CFID=129340085&CFTOKEN=82758019&preflayout=flat,"PPoPP '99"
http://dl.acm.org/citation.cfm?id=301618&CFID=129340085&CFTOKEN=82758019&preflayout=flat,"PLDI '99"
http://dl.acm.org/citation.cfm?id=302163&CFID=129340085&CFTOKEN=82758019&preflayout=flat,"ICSE '98"
http://dl.acm.org/citation.cfm?id=302405&CFID=129340085&CFTOKEN=82758019&preflayout=flat,"ICSE '99"
http://dl.acm.org/citation.cfm?id=304065&CFID=129340085&CFTOKEN=82758019&preflayout=flat,"JAVA '99"
http://dl.acm.org/citation.cfm?id=312627&CFID=129340085&CFTOKEN=82758019&preflayout=flat,"APL '99"
http://dl.acm.org/citation.cfm?id=314403&CFID=129340085&CFTOKEN=82758019&preflayout=flat,"LCTES '99"
http://dl.acm.org/citation.cfm?id=315891&CFID=129340085&CFTOKEN=82758019&preflayout=flat,"SAC '95"
http://dl.acm.org/citation.cfm?id=316158&CFID=129340085&CFTOKEN=82758019&preflayout=flat,"PASTE '99"
http://dl.acm.org/citation.cfm?id=316689&CFID=129340085&CFTOKEN=82758019&preflayout=flat,"APL '97"
http://dl.acm.org/citation.cfm?id=317500&CFID=129340085&CFTOKEN=82758019&preflayout=flat,"SIGAda '87"
http://dl.acm.org/citation.cfm?id=317636&CFID=129340085&CFTOKEN=82758019&preflayout=flat,"ICFP '99"
http://dl.acm.org/citation.cfm?id=318593&CFID=129340085&CFTOKEN=82758019&preflayout=flat,"POPL '85"
http://dl.acm.org/citation.cfm?id=319016&CFID=129340085&CFTOKEN=82758019&preflayout=flat,"OOPSLA/ECOOP '90"
http://dl.acm.org/citation.cfm?id=319294&CFID=129340085&CFTOKEN=82758019&preflayout=flat,"SIGAda '99"
http://dl.acm.org/citation.cfm?id=319568&CFID=129340085&CFTOKEN=82758019&preflayout=flat,"ICSE '85"
http://dl.acm.org/citation.cfm?id=319838&CFID=129340085&CFTOKEN=82758019&preflayout=flat,"LFP '86"
http://dl.acm.org/citation.cfm?id=320384&CFID=129340085&CFTOKEN=82758019&preflayout=flat,"OOPSLA '99"
http://dl.acm.org/citation.cfm?id=323779&CFID=129340085&CFTOKEN=82758019&preflayout=flat,"OOPWORK '86"
http://dl.acm.org/citation.cfm?id=32439&CFID=129340085&CFTOKEN=82758019&preflayout=flat,"SYMSAC '86"
http://dl.acm.org/citation.cfm?id=324426&CFID=129340085&CFTOKEN=82758019&preflayout=flat,"SIGAda '85"
http://dl.acm.org/citation.cfm?id=325694&CFID=129340085&CFTOKEN=82758019&preflayout=flat,"POPL '00"
http://dl.acm.org/citation.cfm?id=326619&CFID=129340085&CFTOKEN=82758019&preflayout=flat,"SAC '94"
http://dl.acm.org/citation.cfm?id=327559&CFID=129340085&CFTOKEN=82758019&preflayout=flat,"APL '98"
http://dl.acm.org/citation.cfm?id=328690&CFID=129340085&CFTOKEN=82758019&preflayout=flat,"PEPM '00"
http://dl.acm.org/citation.cfm?id=328877&CFID=129340085&CFTOKEN=82758019&preflayout=flat,"APL '89"
http://dl.acm.org/citation.cfm?id=330560&CFID=129340085&CFTOKEN=82758019&preflayout=flat,"SAC '98"
http://dl.acm.org/citation.cfm?id=331119&CFID=129340085&CFTOKEN=82758019&preflayout=flat,"SAC '96"
http://dl.acm.org/citation.cfm?id=331697&CFID=129340085&CFTOKEN=82758019&preflayout=flat,"SAC '97"
http://dl.acm.org/citation.cfm?id=331960&CFID=129340085&CFTOKEN=82758019&preflayout=flat,"DSL '99"
http://dl.acm.org/citation.cfm?id=335603&CFID=129340085&CFTOKEN=82758019&preflayout=flat,"SAC '00"
http://dl.acm.org/citation.cfm?id=336512&CFID=129340085&CFTOKEN=82758019&preflayout=flat,"ICSE '00"
http://dl.acm.org/citation.cfm?id=337180&CFID=129340085&CFTOKEN=82758019&preflayout=flat,"ICSE '00"
http://dl.acm.org/citation.cfm?id=337449&CFID=129340085&CFTOKEN=82758019&preflayout=flat,"JAVA '00"
http://dl.acm.org/citation.cfm?id=338407&CFID=129340085&CFTOKEN=82758019&preflayout=flat,"SAC '00"
http://dl.acm.org/citation.cfm?id=346852&CFID=129340085&CFTOKEN=82758019&preflayout=flat,"OOPSLA '98 Addendum"
http://dl.acm.org/citation.cfm?id=347324&CFID=129340085&CFTOKEN=82758019&preflayout=flat,"ISSTA '00"
http://dl.acm.org/citation.cfm?id=349299&CFID=129340085&CFTOKEN=82758019&preflayout=flat,"PLDI '00"
http://dl.acm.org/citation.cfm?id=351240&CFID=129340085&CFTOKEN=82758019&preflayout=flat,"ICFP '00"
http://dl.acm.org/citation.cfm?id=351268&CFID=129340085&CFTOKEN=82758019&preflayout=flat,"PPDP '00"
http://dl.acm.org/citation.cfm?id=351397&CFID=129340085&CFTOKEN=82758019&preflayout=flat,"DYNAMO '00"
http://dl.acm.org/citation.cfm?id=353171&CFID=129340085&CFTOKEN=82758019&preflayout=flat,"OOPSLA '00"
http://dl.acm.org/citation.cfm?id=355045&CFID=129340085&CFTOKEN=82758019&preflayout=flat,"SIGSOFT '00/FSE-8"
http://dl.acm.org/citation.cfm?id=360204&CFID=129340085&CFTOKEN=82758019&preflayout=flat,"POPL '01"
http://dl.acm.org/citation.cfm?id=36206&CFID=129340085&CFTOKEN=82758019&preflayout=flat,"ASPLOS-II"
http://dl.acm.org/citation.cfm?id=362422&CFID=129340085&CFTOKEN=82758019&preflayout=flat,"ISMM '00"
http://dl.acm.org/citation.cfm?id=367845&CFID=129340085&CFTOKEN=82758019&preflayout=flat,"OOPSLA '00"
http://dl.acm.org/citation.cfm?id=372202&CFID=129340085&CFTOKEN=82758019&preflayout=flat,"SAC '01"
http://dl.acm.org/citation.cfm?id=376503&CFID=129340085&CFTOKEN=82758019&preflayout=flat,"TRI-Ada '95"
http://dl.acm.org/citation.cfm?id=376656&CFID=129340085&CFTOKEN=82758019&preflayout=flat,"JGI '01"
http://dl.acm.org/citation.cfm?id=378795&CFID=129340085&CFTOKEN=82758019&preflayout=flat,"PLDI '01"
http://dl.acm.org/citation.cfm?id=378993&CFID=129340085&CFTOKEN=82758019&preflayout=flat,"ASPLOS-IX"
http://dl.acm.org/citation.cfm?id=379539&CFID=129340085&CFTOKEN=82758019&preflayout=flat,"PPoPP '01"
http://dl.acm.org/citation.cfm?id=379605&CFID=129340085&CFTOKEN=82758019&preflayout=flat,"PASTE '01"
http://dl.acm.org/citation.cfm?id=381473&CFID=129340085&CFTOKEN=82758019&preflayout=flat,"ICSE '01"
http://dl.acm.org/citation.cfm?id=384197&CFID=129340085&CFTOKEN=82758019&preflayout=flat,"LCTES '01"
http://dl.acm.org/citation.cfm?id=384198&CFID=129340085&CFTOKEN=82758019&preflayout=flat,"OM '01"
http://dl.acm.org/citation.cfm?id=38765&CFID=129340085&CFTOKEN=82758019&preflayout=flat,"OOPSLA '87"
http://dl.acm.org/citation.cfm?id=41625&CFID=129340085&CFTOKEN=82758019&preflayout=flat,"POPL '87"
http://dl.acm.org/citation.cfm?id=41765&CFID=129340085&CFTOKEN=82758019&preflayout=flat,"ICSE '87"
http://dl.acm.org/citation.cfm?id=502874&CFID=129340085&CFTOKEN=82758019&preflayout=flat,"SIGPLAN '84"
http://dl.acm.org/citation.cfm?id=503032&CFID=129340085&CFTOKEN=82758019&preflayout=flat,"PEPM '02"
http://dl.acm.org/citation.cfm?id=503272&CFID=129340085&CFTOKEN=82758019&preflayout=flat,"POPL '02"
http://dl.acm.org/citation.cfm?id=504282&CFID=129340085&CFTOKEN=82758019&preflayout=flat,"OOPSLA '01"
http://dl.acm.org/citation.cfm?id=507574&CFID=129340085&CFTOKEN=82758019&preflayout=flat,"SIGAda '01"
http://dl.acm.org/citation.cfm?id=507635&CFID=129340085&CFTOKEN=82758019&preflayout=flat,"ICFP '01"
http://dl.acm.org/citation.cfm?id=508386&CFID=129340085&CFTOKEN=82758019&preflayout=flat,"AOSD '02"
http://dl.acm.org/citation.cfm?id=508791&CFID=129340085&CFTOKEN=82758019&preflayout=flat,"SAC '02"
http://dl.acm.org/citation.cfm?id=512429&CFID=129340085&CFTOKEN=82758019&preflayout=flat,"ISMM '02"
http://dl.acm.org/citation.cfm?id=512529&CFID=129340085&CFTOKEN=82758019&preflayout=flat,"PLDI '02"
http://dl.acm.org/citation.cfm?id=512644&CFID=129340085&CFTOKEN=82758019&preflayout=flat,"POPL '86"
http://dl.acm.org/citation.cfm?id=512760&CFID=129340085&CFTOKEN=82758019&preflayout=flat,"POPL '78"
http://dl.acm.org/citation.cfm?id=512927&CFID=129340085&CFTOKEN=82758019&preflayout=flat,"POPL '73"
http://dl.acm.org/citation.cfm?id=512950&CFID=129340085&CFTOKEN=82758019&preflayout=flat,"POPL '77"
http://dl.acm.org/citation.cfm?id=512976&CFID=129340085&CFTOKEN=82758019&preflayout=flat,"POPL '75"
http://dl.acm.org/citation.cfm?id=513829&CFID=129340085&CFTOKEN=82758019&preflayout=flat,"LCTES/SCOPES '02"
http://dl.acm.org/citation.cfm?id=53990&CFID=129340085&CFTOKEN=82758019&preflayout=flat,"PLDI '88"
http://dl.acm.org/citation.cfm?id=55626&CFID=129340085&CFTOKEN=82758019&preflayout=flat,"APL '88"
http://dl.acm.org/citation.cfm?id=55823&CFID=129340085&CFTOKEN=82758019&preflayout=flat,"ICSE '88"
http://dl.acm.org/citation.cfm?id=566172&CFID=129340085&CFTOKEN=82758019&preflayout=flat,"ISSTA '02"
http://dl.acm.org/citation.cfm?id=567067&CFID=129340085&CFTOKEN=82758019&preflayout=flat,"POPL '83"
http://dl.acm.org/citation.cfm?id=567446&CFID=129340085&CFTOKEN=82758019&preflayout=flat,"POPL '80"
http://dl.acm.org/citation.cfm?id=567532&CFID=129340085&CFTOKEN=82758019&preflayout=flat,"POPL '81"
http://dl.acm.org/citation.cfm?id=567752&CFID=129340085&CFTOKEN=82758019&preflayout=flat,"POPL '79"
http://dl.acm.org/citation.cfm?id=568173&CFID=129340085&CFTOKEN=82758019&preflayout=flat,"ASIA-PEPM '02"
http://dl.acm.org/citation.cfm?id=570186&CFID=129340085&CFTOKEN=82758019&preflayout=flat,"RULE '02"
http://dl.acm.org/citation.cfm?id=570407&CFID=129340085&CFTOKEN=82758019&preflayout=flat,"APL '01"
http://dl.acm.org/citation.cfm?id=570475&CFID=129340085&CFTOKEN=82758019&preflayout=flat,"APL '00"
http://dl.acm.org/citation.cfm?id=571157&CFID=129340085&CFTOKEN=82758019&preflayout=flat,"PPDP '02"
http://dl.acm.org/citation.cfm?id=581339&CFID=129340085&CFTOKEN=82758019&preflayout=flat,"ICSE '02"
http://dl.acm.org/citation.cfm?id=581478&CFID=129340085&CFTOKEN=82758019&preflayout=flat,"ICFP '02"
http://dl.acm.org/citation.cfm?id=581690&CFID=129340085&CFTOKEN=82758019&preflayout=flat,"Haskell '02"
http://dl.acm.org/citation.cfm?id=582153&CFID=129340085&CFTOKEN=82758019&preflayout=flat,"POPL '82"
http://dl.acm.org/citation.cfm?id=582419&CFID=129340085&CFTOKEN=82758019&preflayout=flat,"OOPSLA '02"
http://dl.acm.org/citation.cfm?id=583810&CFID=129340085&CFTOKEN=82758019&preflayout=flat,"JGI '02"
http://dl.acm.org/citation.cfm?id=586094&CFID=129340085&CFTOKEN=82758019&preflayout=flat,"PASTE '02"
http://dl.acm.org/citation.cfm?id=587051&CFID=129340085&CFTOKEN=82758019&preflayout=flat,"SIGSOFT '02/FSE-10"
http://dl.acm.org/citation.cfm?id=589451&CFID=129340085&CFTOKEN=82758019&preflayout=flat,"SIGAda '02"
http://dl.acm.org/citation.cfm?id=592849&CFID=129340085&CFTOKEN=82758019&preflayout=flat,"ERLANG '02"
http://dl.acm.org/citation.cfm?id=602231&CFID=129340085&CFTOKEN=82758019&preflayout=flat,"APL '02"
http://dl.acm.org/citation.cfm?id=604131&CFID=129340085&CFTOKEN=82758019&preflayout=flat,"POPL '03"
http://dl.acm.org/citation.cfm?id=604174&CFID=129340085&CFTOKEN=82758019&preflayout=flat,"TLDI '03"
http://dl.acm.org/citation.cfm?id=604251&CFID=129340085&CFTOKEN=82758019&preflayout=flat,"OOPSLA '02"
http://dl.acm.org/citation.cfm?id=605397&CFID=129340085&CFTOKEN=82758019&preflayout=flat,"ASPLOS-X"
http://dl.acm.org/citation.cfm?id=62083&CFID=129340085&CFTOKEN=82758019&preflayout=flat,"OOPSLA '88"
http://dl.acm.org/citation.cfm?id=62115&CFID=129340085&CFTOKEN=82758019&preflayout=flat,"PPEALS '88"
http://dl.acm.org/citation.cfm?id=62138&CFID=129340085&CFTOKEN=82758019&preflayout=flat,"OOPSLA '87"
http://dl.acm.org/citation.cfm?id=62678&CFID=129340085&CFTOKEN=82758019&preflayout=flat,"LFP '88"
http://dl.acm.org/citation.cfm?id=64135&CFID=129340085&CFTOKEN=82758019&preflayout=flat,"SDE 3"
http://dl.acm.org/citation.cfm?id=643603&CFID=129340085&CFTOKEN=82758019&preflayout=flat,"AOSD '03"
http://dl.acm.org/citation.cfm?id=645435&CFID=129340085&CFTOKEN=82758019&preflayout=flat,"GPCE '02"
http://dl.acm.org/citation.cfm?id=67386&CFID=129340085&CFTOKEN=82758019&preflayout=flat,"OOPSLA/ECOOP '88"
http://dl.acm.org/citation.cfm?id=68210&CFID=129340085&CFTOKEN=82758019&preflayout=flat,"PADD '88"
http://dl.acm.org/citation.cfm?id=70082&CFID=129340085&CFTOKEN=82758019&preflayout=flat,"ASPLOS-III"
http://dl.acm.org/citation.cfm?id=73141&CFID=129340085&CFTOKEN=82758019&preflayout=flat,"PLDI '89"
http://dl.acm.org/citation.cfm?id=73560&CFID=129340085&CFTOKEN=82758019&preflayout=flat,"POPL '88"
http://dl.acm.org/citation.cfm?id=74261&CFID=129340085&CFTOKEN=82758019&preflayout=flat,"TRI-Ada '89"
http://dl.acm.org/citation.cfm?id=74587&CFID=129340085&CFTOKEN=82758019&preflayout=flat,"ICSE '89"
http://dl.acm.org/citation.cfm?id=74877&CFID=129340085&CFTOKEN=82758019&preflayout=flat,"OOPSLA '89"
http://dl.acm.org/citation.cfm?id=75144&CFID=129340085&CFTOKEN=82758019&preflayout=flat,"APL '89"
http://dl.acm.org/citation.cfm?id=75277&CFID=129340085&CFTOKEN=82758019&preflayout=flat,"POPL '89"
http://dl.acm.org/citation.cfm?id=76619&CFID=129340085&CFTOKEN=82758019&preflayout=flat,"TRI-Ada '88"
http://dl.acm.org/citation.cfm?id=773146&CFID=129340085&CFTOKEN=82758019&preflayout=flat,"MSP '02"
http://dl.acm.org/citation.cfm?id=773184&CFID=129340085&CFTOKEN=82758019&preflayout=flat,"PPDP '01"
http://dl.acm.org/citation.cfm?id=774833&CFID=129340085&CFTOKEN=82758019&preflayout=flat,"SoftVis '03"
http://dl.acm.org/citation.cfm?id=776261&CFID=129340085&CFTOKEN=82758019&preflayout=flat,"CGO '03"
http://dl.acm.org/citation.cfm?id=776816&CFID=129340085&CFTOKEN=82758019&preflayout=flat,"ICSE '03"
http://dl.acm.org/citation.cfm?id=777388&CFID=129340085&CFTOKEN=82758019&preflayout=flat,"PEPM '03"
http://dl.acm.org/citation.cfm?id=780732&CFID=129340085&CFTOKEN=82758019&preflayout=flat,"LCTES '03"
http://dl.acm.org/citation.cfm?id=781131&CFID=129340085&CFTOKEN=82758019&preflayout=flat,"PLDI '03"
http://dl.acm.org/citation.cfm?id=781498&CFID=129340085&CFTOKEN=82758019&preflayout=flat,"PPoPP '03"
http://dl.acm.org/citation.cfm?id=800004&CFID=129340085&CFTOKEN=82758019&preflayout=flat,"SIGPLAN '80"
http://dl.acm.org/citation.cfm?id=800005&CFID=129340085&CFTOKEN=82758019&preflayout=flat,"SYMSAC '66"
http://dl.acm.org/citation.cfm?id=800006&CFID=129340085&CFTOKEN=82758019&preflayout=flat,"Proceedings of the international symposium on Extensible languages"
http://dl.acm.org/citation.cfm?id=800007&CFID=129340085&CFTOKEN=82758019&preflayout=flat,"SIGSOFT '83"
http://dl.acm.org/citation.cfm?id=800011&CFID=129340085&CFTOKEN=82758019&preflayout=flat,"APL '72"
http://dl.acm.org/citation.cfm?id=800012&CFID=129340085&CFTOKEN=82758019&preflayout=flat,"APL '69"
http://dl.acm.org/citation.cfm?id=800017&CFID=129340085&CFTOKEN=82758019&preflayout=flat,"POPL '84"
http://dl.acm.org/citation.cfm?id=800020&CFID=129340085&CFTOKEN=82758019&preflayout=flat,"SDE 1"
http://dl.acm.org/citation.cfm?id=800021&CFID=129340085&CFTOKEN=82758019&preflayout=flat,"Proceeding of ACM SIGPLAN - SIGOPS interface meeting on Programming languages - operating systems"
http://dl.acm.org/citation.cfm?id=800022&CFID=129340085&CFTOKEN=82758019&preflayout=flat,"Proceedings of an ACM conference on Language design for reliable software"
http://dl.acm.org/citation.cfm?id=800026&CFID=129340085&CFTOKEN=82758019&preflayout=flat,"Proceedings of the conference on Programming languages and compilers for parallel and vector machines"
http://dl.acm.org/citation.cfm?id=800027&CFID=129340085&CFTOKEN=82758019&preflayout=flat,"Proceedings of the international conference on Reliable software"
http://dl.acm.org/citation.cfm?id=800028&CFID=129340085&CFTOKEN=82758019&preflayout=flat,"Proceedings of a symposium on Compiler optimization"
http://dl.acm.org/citation.cfm?id=800050&CFID=129340085&CFTOKEN=82758019&preflayout=flat,"ASPLOS-I"
http://dl.acm.org/citation.cfm?id=800054&CFID=129340085&CFTOKEN=82758019&preflayout=flat,"ICSE '84"
http://dl.acm.org/citation.cfm?id=800055&CFID=129340085&CFTOKEN=82758019&preflayout=flat,"LFP '84"
http://dl.acm.org/citation.cfm?id=800058&CFID=129340085&CFTOKEN=82758019&preflayout=flat,"APL '84"
http://dl.acm.org/citation.cfm?id=800062&CFID=129340085&CFTOKEN=82758019&preflayout=flat,"APL '83"
http://dl.acm.org/citation.cfm?id=800068&CFID=129340085&CFTOKEN=82758019&preflayout=flat,"LFP '82"
http://dl.acm.org/citation.cfm?id=800071&CFID=129340085&CFTOKEN=82758019&preflayout=flat,"APL '82"
http://dl.acm.org/citation.cfm?id=800078&CFID=129340085&CFTOKEN=82758019&preflayout=flat,"ICSE '81"
http://dl.acm.org/citation.cfm?id=800087&CFID=129340085&CFTOKEN=82758019&preflayout=flat,"LFP '80"
http://dl.acm.org/citation.cfm?id=800091&CFID=129340085&CFTOKEN=82758019&preflayout=flat,"ICSE '79"
http://dl.acm.org/citation.cfm?id=800099&CFID=129340085&CFTOKEN=82758019&preflayout=flat,"ICSE '78"
http://dl.acm.org/citation.cfm?id=800114&CFID=129340085&CFTOKEN=82758019&preflayout=flat,"APL '76"
http://dl.acm.org/citation.cfm?id=800117&CFID=129340085&CFTOKEN=82758019&preflayout=flat,"APL '75"
http://dl.acm.org/citation.cfm?id=800121&CFID=129340085&CFTOKEN=82758019&preflayout=flat,"HLLCA '73"
http://dl.acm.org/citation.cfm?id=800136&CFID=129340085&CFTOKEN=82758019&preflayout=flat,"APL '79"
http://dl.acm.org/citation.cfm?id=800137&CFID=129340085&CFTOKEN=82758019&preflayout=flat,"APL '79"
http://dl.acm.org/citation.cfm?id=800142&CFID=129340085&CFTOKEN=82758019&preflayout=flat,"APL '81"
http://dl.acm.org/citation.cfm?id=800143&CFID=129340085&CFTOKEN=82758019&preflayout=flat,"The papers of the ACM symposium on Graphic languages"
http://dl.acm.org/citation.cfm?id=800168&CFID=129340085&CFTOKEN=82758019&preflayout=flat,"POPL '76"
http://dl.acm.org/citation.cfm?id=800204&CFID=129340085&CFTOKEN=82758019&preflayout=flat,"SYMSAC '71"
http://dl.acm.org/citation.cfm?id=800205&CFID=129340085&CFTOKEN=82758019&preflayout=flat,"SYMSAC '76"
http://dl.acm.org/citation.cfm?id=800206&CFID=129340085&CFTOKEN=82758019&preflayout=flat,"SYMSAC '81"
http://dl.acm.org/citation.cfm?id=800209&CFID=129340085&CFTOKEN=82758019&preflayout=flat,"Proceedings of the ACM SIGPLAN SIGOA symposium on Text manipulation"
http://dl.acm.org/citation.cfm?id=800218&CFID=129340085&CFTOKEN=82758019&preflayout=flat,"SIGMINI '78"
http://dl.acm.org/citation.cfm?id=800223&CFID=129340085&CFTOKEN=82758019&preflayout=flat,"FPCA '81"
http://dl.acm.org/citation.cfm?id=800225&CFID=129340085&CFTOKEN=82758019&preflayout=flat,"SLIPE '85"
http://dl.acm.org/citation.cfm?id=800226&CFID=129340085&CFTOKEN=82758019&preflayout=flat,"SIGPLAN '83"
http://dl.acm.org/citation.cfm?id=800227&CFID=129340085&CFTOKEN=82758019&preflayout=flat,"Proceedings of the 1980 workshop on Data abstraction, databases and conceptual modeling"
http://dl.acm.org/citation.cfm?id=800228&CFID=129340085&CFTOKEN=82758019&preflayout=flat,"Proceedings of the 1977 symposium on Artificial intelligence and programming languages"
http://dl.acm.org/citation.cfm?id=800229&CFID=129340085&CFTOKEN=82758019&preflayout=flat,"SIGPLAN '79"
http://dl.acm.org/citation.cfm?id=800230&CFID=129340085&CFTOKEN=82758019&preflayout=flat,"SIGPLAN '82"
http://dl.acm.org/citation.cfm?id=800231&CFID=129340085&CFTOKEN=82758019&preflayout=flat,"Proceedings of the symposium on Two-dimensional man-machine communication"
http://dl.acm.org/citation.cfm?id=800232&CFID=129340085&CFTOKEN=82758019&preflayout=flat,"Proceedings of the meeting on SIGPLAN/SIGMICRO interface"
http://dl.acm.org/citation.cfm?id=800233&CFID=129340085&CFTOKEN=82758019&preflayout=flat,"Proceedings of the ACM SIGPLAN symposium on Very high level languages"
http://dl.acm.org/citation.cfm?id=800234&CFID=129340085&CFTOKEN=82758019&preflayout=flat,"Proceedings of the SIGPLAN symposium on Languages for system implementation"
http://dl.acm.org/citation.cfm?id=800235&CFID=129340085&CFTOKEN=82758019&preflayout=flat,"Proceedings of ACM conference on Proving assertions about programs"
http://dl.acm.org/citation.cfm?id=800236&CFID=129340085&CFTOKEN=82758019&preflayout=flat,"SIGMINI '76"
http://dl.acm.org/citation.cfm?id=800237&CFID=129340085&CFTOKEN=82758019&preflayout=flat,"Proceedings of the 1976 conference on Data : Abstraction, definition and structure"
http://dl.acm.org/citation.cfm?id=800238&CFID=129340085&CFTOKEN=82758019&preflayout=flat,"Proceedings of the Strathclyde ALGOL 68 conference"
http://dl.acm.org/citation.cfm?id=800239&CFID=129340085&CFTOKEN=82758019&preflayout=flat,"SAC '86"
http://dl.acm.org/citation.cfm?id=800253&CFID=129340085&CFTOKEN=82758019&preflayout=flat,"ICSE '76"
http://dl.acm.org/citation.cfm?id=800254&CFID=129340085&CFTOKEN=82758019&preflayout=flat,"ICSE '82"
http://dl.acm.org/citation.cfm?id=800269&CFID=129340085&CFTOKEN=82758019&preflayout=flat,"APL '74"
http://dl.acm.org/citation.cfm?id=858570&CFID=129340085&CFTOKEN=82758019&preflayout=flat,"IVME '03"
http://dl.acm.org/citation.cfm?id=871895&CFID=129340085&CFTOKEN=82758019&preflayout=flat,"Haskell '03"
http://dl.acm.org/citation.cfm?id=882067&CFID=129340085&CFTOKEN=82758019&preflayout=flat,"APL '03"
http://dl.acm.org/citation.cfm?id=888251&CFID=129340085&CFTOKEN=82758019&preflayout=flat,"PPDP '03"
http://dl.acm.org/citation.cfm?id=91556&CFID=129340085&CFTOKEN=82758019&preflayout=flat,"LFP '90"
http://dl.acm.org/citation.cfm?id=93542&CFID=129340085&CFTOKEN=82758019&preflayout=flat,"PLDI '90"
http://dl.acm.org/citation.cfm?id=940880&CFID=129340085&CFTOKEN=82758019&preflayout=flat,"ERLANG '03"
http://dl.acm.org/citation.cfm?id=944705&CFID=129340085&CFTOKEN=82758019&preflayout=flat,"ICFP '03"
http://dl.acm.org/citation.cfm?id=948632&CFID=129340085&CFTOKEN=82758019&preflayout=flat,"SIGPLAN '80"
http://dl.acm.org/citation.cfm?id=949305&CFID=129340085&CFTOKEN=82758019&preflayout=flat,"OOPSLA '03"
http://dl.acm.org/citation.cfm?id=949344&CFID=129340085&CFTOKEN=82758019&preflayout=flat,"OOPSLA '03"
http://dl.acm.org/citation.cfm?id=951762&CFID=129340085&CFTOKEN=82758019&preflayout=flat,"SIGPLAN '73"
http://dl.acm.org/citation.cfm?id=952532&CFID=129340085&CFTOKEN=82758019&preflayout=flat,"SAC '03"
http://dl.acm.org/citation.cfm?id=953144&CFID=129340085&CFTOKEN=82758019&preflayout=flat,"HLLCA '73"
http://dl.acm.org/citation.cfm?id=954186&CFID=129340085&CFTOKEN=82758019&preflayout=flat,"GPCE '03"
http://dl.acm.org/citation.cfm?id=958420&CFID=129340085&CFTOKEN=82758019&preflayout=flat,"SigAda '03"
http://dl.acm.org/citation.cfm?id=964001&CFID=129340085&CFTOKEN=82758019&preflayout=flat,"POPL '04"
http://dl.acm.org/citation.cfm?id=965660&CFID=129340085&CFTOKEN=82758019&preflayout=flat,"eclipse '03"
http://dl.acm.org/citation.cfm?id=96709&CFID=129340085&CFTOKEN=82758019&preflayout=flat,"POPL '90"
http://dl.acm.org/citation.cfm?id=967900&CFID=129340085&CFTOKEN=82758019&preflayout=flat,"SAC '04"
http://dl.acm.org/citation.cfm?id=976270&CFID=129340085&CFTOKEN=82758019&preflayout=flat,"AOSD '04"
http://dl.acm.org/citation.cfm?id=976571&CFID=129340085&CFTOKEN=82758019&preflayout=flat,"MERLIN '03"
http://dl.acm.org/citation.cfm?id=977395&CFID=129340085&CFTOKEN=82758019&preflayout=flat,"CGO '04"
http://dl.acm.org/citation.cfm?id=97808&CFID=129340085&CFTOKEN=82758019&preflayout=flat,"APL '90"
http://dl.acm.org/citation.cfm?id=97945&CFID=129340085&CFTOKEN=82758019&preflayout=flat,"OOPSLA/ECOOP '90"
http://dl.acm.org/citation.cfm?id=985072&CFID=129340085&CFTOKEN=82758019&preflayout=flat,"OOPSLA '02"
http://dl.acm.org/citation.cfm?id=99163&CFID=129340085&CFTOKEN=82758019&preflayout=flat,"PPOPP '90"
http://dl.acm.org/citation.cfm?id=99277&CFID=129340085&CFTOKEN=82758019&preflayout=flat,"SDE 4"
http://dl.acm.org/citation.cfm?id=99370&CFID=129340085&CFTOKEN=82758019&preflayout=flat,"FPCA '89"
http://dl.acm.org/citation.cfm?id=99583&CFID=129340085&CFTOKEN=82758019&preflayout=flat,"POPL '91"
http://dl.acm.org/citation.cfm?id=996821&CFID=129340085&CFTOKEN=82758019&preflayout=flat,"PASTE '04"
http://dl.acm.org/citation.cfm?id=996841&CFID=129340085&CFTOKEN=82758019&preflayout=flat,"PLDI '04"
http://dl.acm.org/citation.cfm?id=997163&CFID=129340085&CFTOKEN=82758019&preflayout=flat,"LCTES '04"
http://dl.acm.org/citation.cfm?id=998675&CFID=129340085&CFTOKEN=82758019&preflayout=flat,"ICSE '04"
